{
  "name" : "Pelota saltarina",
  "title" : "Animación de pelota saltarina",
  "description" : "En 12 pasos simples, aprendamos lo básico de Animate y crearemos una pelota saltarina. Vea el vídeo para aprender lo esencial antes de empezar.",
  "card1title" : "Dibujar un círculo",
  "card1Description" : "Utilice la herramienta Oval para dibujar un círculo en la parte superior de su escenario como se muestra en el vídeo. Utilice la tecla Mayús para obtener un círculo perfecto.",
  "card1StepInfo" : "1 de 11",
  "card1PosAction" : "Siguiente",
  "card1NegAction" : "",
  "card1Node" : "PanelID_273$$-1/0/OS_ViewContainer,0/1/UI_ScrollView,0/1/UI_ScrollTransformView,0/1/UI_SubView,0/1/ToolPanelRoot,0/1/ToolsContainer,0/1/33323",
  "card2title" : "Esta es la Línea de tiempo",
  "card2Description" : "En los pasos siguientes, intentemos animar insertando fotogramas clave en la Línea de tiempo.",
  "card2StepInfo" : " ",
  "card2PosAction" : "Entendido",
  "card2NegAction" : "",
  "card2Node" : "PanelID_266$$-1/0/OS_ViewContainer,0/1/UI_ScrollView,0/1/UI_ScrollTransformView,0/1/UI_SubView,0/1/TimelinePanelRoot,0/1/TrackControl,0/1/TimelineHeader,0/1/HeaderRightControls,0/1/FramePositionControls,0/1/FPSNumLabel",
  "card3title" : "Insertar el Fotograma clave y mover la pelota",
  "card3Description" : "Insertar un nuevo fotograma clave replica el último fotograma de la línea de tiempo. Use la herramienta de selección para mover la pelota como se muestra.",
  "card3StepInfo" : "2 de 11",
  "card3PosAction" : "Siguiente",
  "card3NegAction" : "Atrás",
  "card3Node" : "PanelID_266$$-1/0/OS_ViewContainer,0/1/UI_ScrollView,0/1/UI_ScrollTransformView,0/1/UI_SubView,0/1/TimelinePanelRoot,0/1/TrackControl,0/1/TimelineHeader,0/1/HeaderRightControls,0/1/StatusWindow,0/1/FrameControls,0/1/KeyframeButton",
  "card4title" : "Referencia a fotogramas anteriores",
  "card4Description" : "Habilite Onion skin para hacer referencia a fotogramas anteriores de cambio de desplazamiento.",
  "card4StepInfo" : "3 de 11",
  "card4PosAction" : "Siguiente",
  "card4NegAction" : "Atrás",
  "card4Node" : "PanelID_266$$-1/0/OS_ViewContainer,0/1/UI_ScrollView,0/1/UI_ScrollTransformView,0/1/UI_SubView,0/1/TimelinePanelRoot,0/1/TrackControl,0/1/TimelineHeader,0/1/HeaderRightControls,0/1/StatusWindow,0/1/OnionSkinControls,0/1/TimelineOnionSkin",
  "card5title" : "Seguir animando…",
  "card5Description" : "¡Genial! Siga insertando fotogramas clave y moviendo la pelota hacia abajo hasta que alcance la parte inferior del escenario.",
  "card5StepInfo" : "4 de 11",
  "card5PosAction" : "Siguiente",
  "card5NegAction" : "Atrás",
  "card5Node" : "PanelID_266$$-1/0/OS_ViewContainer,0/1/UI_ScrollView,0/1/UI_ScrollTransformView,0/1/UI_SubView,0/1/TimelinePanelRoot,0/1/TrackControl,0/1/TimelineHeader,0/1/HeaderRightControls,0/1/ZoomControls,0/1/TimelineCellMode",
  "card6title" : "Reproducir animación básica",
  "card6Description" : "Vamos a reproducir lo que ha creado. Haga clic en el icono de reproducción.",
  "card6StepInfo" : "5 de 11",
  "card6PosAction" : "Siguiente",
  "card6NegAction" : "Atrás",
  "card6Node" : "PanelID_266$$-1/0/OS_ViewContainer,0/1/UI_ScrollView,0/1/UI_ScrollTransformView,0/1/UI_SubView,0/1/TimelinePanelRoot,0/1/TrackControl,0/1/TimelineHeader,0/1/HeaderRightControls,0/1/StatusWindow,0/1/PlaybackControl,0/1/PlayButton",
  "card7title" : "Aplastar y estirar",
  "card7Description" : "Apliquemos el principio de \"aplastar y estirar\" en nuestra animación en los próximos pasos. ",
  "card7StepInfo" : " ",
  "card7PosAction" : "Entendido",
  "card7NegAction" : "",
  "card7Node" : "%DocName$$-1/0/OS_ViewContainer,0/1/UI_ScrollView,0/1/UI_ScrollTransformView,0/1/UI_SubView,4/1/UI_SubView,0/1/UI_ControlsContainer,0/1/UI_ScrollTransformView,0/1/UI_SubView,0/1/parentSubview,0/1/UI_Hidden_Coachmark_Anchor",
  "card8title" : "Aplicar el principio de aplastar y estirar",
  "card8Description" : "Seleccione el último fotograma y aplaste la pelota, luego seleccione el fotograma anterior y estire la pelota.",
  "card8StepInfo" : "6 de 11",
  "card8PosAction" : "Siguiente",
  "card8NegAction" : "Atrás",
  "card8Node" : "PanelID_266$$-1/0/OS_ViewContainer,0/1/UI_ScrollView,0/1/UI_ScrollTransformView,0/1/UI_SubView,0/1/TimelinePanelRoot,0/1/TrackControl,0/1/TimelineHeader,0/1/HeaderRightControls,0/1/ZoomControls,0/1/TimelineCellMode",
  "card9title" : "Animación de rebote",
  "card9Description" : "En los siguientes pasos, intentemos revertir los fotogramas que ha creado, para que la pelota rebote.",
  "card9StepInfo" : " ",
  "card9PosAction" : "Entendido",
  "card9NegAction" : "",
  "card9Node" : "%DocName$$-1/0/OS_ViewContainer,0/1/UI_ScrollView,0/1/UI_ScrollTransformView,0/1/UI_SubView,4/1/UI_SubView,0/1/UI_ControlsContainer,0/1/UI_ScrollTransformView,0/1/UI_SubView,0/1/parentSubview,0/1/UI_Hidden_Coachmark_Anchor",
  "card10title" : "Revertir todos los fotogramas",
  "card10Description" : "1. Haga clic con el botón derecho > Seleccionar todos los fotogramas 2. Haga clic con el botón derecho > Copiar fotogramas 3. Haga clic con el botón derecho > Invertir fotogramas",
  "card10StepInfo" : "7 de 11",
  "card10PosAction" : "Siguiente",
  "card10NegAction" : "Atrás",
  "card10Node" : "PanelID_266$$-1/0/OS_ViewContainer,0/1/UI_ScrollView,0/1/UI_ScrollTransformView,0/1/UI_SubView,0/1/TimelinePanelRoot,0/1/TrackControl,0/1/TimelineHeader,0/1/HeaderRightControls,0/1/ZoomControls,0/1/TimelineCellMode",
  "card11title" : "Pegar en el primer fotograma",
  "card11Description" : "Seleccione el primer fotograma, haga clic con el botón derecho y seleccione Pegar fotogramas",
  "card11StepInfo" : "8 de 11",
  "card11PosAction" : "Siguiente",
  "card11NegAction" : "Atrás",
  "card11Node" : "PanelID_266$$-1/0/OS_ViewContainer,0/1/UI_ScrollView,0/1/UI_ScrollTransformView,0/1/UI_SubView,0/1/TimelinePanelRoot,0/1/TrackControl,0/1/LayerHeader,0/1/LayerHeaderLeftControls,0/1/TimelineNewLayer",
  "card12title" : "Previsualizar la animación",
  "card12Description" : "¡La animación está lista! Haga clic aquí para obtener una vista previa.",
  "card12StepInfo" : "9 de 11",
  "card12PosAction" : "Siguiente",
  "card12NegAction" : "Atrás",
  "card12Node" : "PanelID_508$$-1/0/OS_ViewContainer,0/1/UI_ScrollView,0/1/UI_ScrollTransformView,0/1/UI_SubView,0/1/appHeaderCommandsPanel,0/1/UI_AppHeader_Play",
  "card13title" : "Guardar archivo",
  "card13Description" : "¡Qué buena animación! Ya puede guardar su archivo. Archivo > Guardar.",
  "card13StepInfo" : "10 de 11",
  "card13PosAction" : "Siguiente",
  "card13NegAction" : "Atrás",
  "card13Node" : "%DocName$$-1/0/OS_ViewContainer,0/1/UI_ScrollView,0/1/UI_ScrollTransformView,0/1/UI_SubView,4/1/UI_SubView,0/1/UI_ControlsContainer,0/1/UI_ScrollTransformView,0/1/UI_SubView,0/1/parentSubview,0/1/UI_Hidden_Coachmark_Anchor",
  "card14title" : "Exportar GIF",
  "card14Description" : "Exporte el GIF para compartirlo en las redes sociales. Archivo > Exportar > Exportar GIF animado…",
  "card14StepInfo" : "11 de 11",
  "card14PosAction" : "Fin",
  "card14NegAction" : "Atrás",
  "card14Node" : "%DocName$$-1/0/OS_ViewContainer,0/1/UI_ScrollView,0/1/UI_ScrollTransformView,0/1/UI_SubView,4/1/UI_SubView,0/1/UI_ControlsContainer,0/1/UI_ScrollTransformView,0/1/UI_SubView,0/1/parentSubview,0/1/UI_Hidden_Coachmark_Anchor",
  "card15title" : "¡Felicitaciones, animador!",
  "card15Description" : "Espero que haya disfrutado con la animación de la pelota que rebota. Encuentre más información en Ayuda > Tutorial práctico.",
  "card15StepInfo" : " ",
  "card15PosAction" : "Salir",
  "card15NegAction" : "",
  "card15Node" : "%DocName$$-1/0/OS_ViewContainer,0/1/UI_ScrollView,0/1/UI_ScrollTransformView,0/1/UI_SubView,4/1/UI_SubView,0/1/UI_ControlsContainer,0/1/UI_ScrollTransformView,0/1/UI_SubView,0/1/parentSubview,0/1/UI_Hidden_Coachmark_Anchor"
}