{
  "name" : "Animación de molino de viento",
  "title" : "Animación de molino de viento",
  "description" : "",
  "card1title" : "Introducción",
  "card1Description" : "En este tutorial animaremos un molino de viento como se muestra arriba. ",
  "card1StepInfo" : "1 de 10",
  "card1PosAction" : "Empezar",
  "card1NegAction" : "Anterior",
  "card2title" : "Bloquear la capa de construcción",
  "card2Description" : "Todos los activos que deben animarse deben colocarse en capas diferentes. En este caso, animaremos las hélices. Vamos a bloquear la capa de construcción como se muestra en el vídeo de arriba para no modificarla accidentalmente.",
  "card2StepInfo" : "10 de 2",
  "card2PosAction" : "Siguiente",
  "card2NegAction" : "Anterior",
  "card2Node" : "PanelID_266$$-1/0/OS_ViewContainer,0/1/UI_ScrollView,0/1/UI_ScrollTransformView,0/1/UI_SubView,0/1/TimelinePanelRoot,0/1/TrackControl,0/1/TimelineHeader,0/1/HeaderLeftControls,0/1/TimelineDisplayModeButton",
  "card3title" : "Crear un símbolo gráfico ",
  "card3Description" : "Para animar, necesitamos colocar nuestros activos animables dentro de lo que se llama un símbolo. En este momento vamos a crear un símbolo gráfico con nuestras hélices. \nSeleccione las hélices en el escenario y vaya al panel \"Propiedades\" -> \"Objeto\" y haga clic en el icono \"Convertir en símbolo\". Asigne el símbolo de \"Hélice\" y \"Tipo\" como \"Gráfico\" y presione Aceptar.",
  "card3StepInfo" : "3 de 10",
  "card3PosAction" : "Siguiente",
  "card3NegAction" : "Anterior",
  "card3Node" : "%DocName$$-1/0/OS_ViewContainer,0/1/UI_ScrollView,0/1/UI_ScrollTransformView,0/1/UI_SubView,4/1/UI_SubView,0/1/UI_ControlsContainer,0/1/UI_ScrollTransformView,0/1/UI_SubView,0/1/parentSubview,0/1/StageClipperButton",
  "card4title" : "Extender la cronología",
  "card4Description" : "Vamos a ampliar la cronología para ambas capas haciendo clic en el fotograma 240 de la capa \"Hélice\". Luego mantenga pulsada la tecla Mayús y haga clic en el fotograma 240 de la capa \"Construcción\". Haga clic en el botón Insertar fotograma clave",
  "card4StepInfo" : "4 de 10",
  "card4PosAction" : "Siguiente",
  "card4NegAction" : "Anterior",
  "card4Node" : "PanelID_266$$-1/0/OS_ViewContainer,0/1/UI_ScrollView,0/1/UI_ScrollTransformView,0/1/UI_SubView,0/1/TimelinePanelRoot,0/1/TrackControl,0/1/TimelineHeader,0/1/HeaderRightControls,0/1/StatusWindow,0/1/FrameControls,0/1/KeyframeButton",
  "card5title" : "Rotar la hélice",
  "card5Description" : "Asegúrese de estar en el fotograma 240 y seleccione el símbolo de la hélice en el escenario. Abra el panel \"Transformar\" desde Ventana -> Menú Transformar y establezca el valor de giro 360.",
  "card5StepInfo" : "5 de 10",
  "card5PosAction" : "Siguiente",
  "card5NegAction" : "Anterior",
  "card5Node" : "PanelID_266$$-1/0/OS_ViewContainer,0/1/UI_ScrollView,0/1/UI_ScrollTransformView,0/1/UI_SubView,0/1/TimelinePanelRoot,0/1/TrackControl,0/1/TimelineHeader,0/1/HeaderRightControls,0/1/ZoomControls,0/1/TimelineCellMode",
  "card6title" : "Crear una interpolación clásica",
  "card6Description" : "Haga clic en cualquier fotograma de la capa de hélice (excepto el último fotograma) y haga clic en el icono \"Crear interpolación clásica\" en el panel Cronología.\nPanel Propiedades -> Ficha Fotograma -> Sección de Interpolación, y elija Rotar valor como \"En sentido horario\" en la lista desplegable",
  "card6StepInfo" : "6 de 10",
  "card6PosAction" : "Siguiente",
  "card6NegAction" : "Anterior",
  "card6Node" : "PanelID_266$$-1/0/OS_ViewContainer,0/1/UI_ScrollView,0/1/UI_ScrollTransformView,0/1/UI_SubView,0/1/TimelinePanelRoot,0/1/TrackControl,0/1/TimelineHeader,0/1/HeaderRightControls,0/1/StatusWindow,0/1/OnionSkinControls,0/1/TimelineTween",
  "card7title" : "Pruebe su animación",
  "card7Description" : "Pruebe su animación haciendo clic en el botón \"Probar película\".",
  "card7StepInfo" : "7 de 10",
  "card7PosAction" : "Siguiente",
  "card7NegAction" : "Anterior",
  "card7Node" : "PanelID_508$$-1/0/OS_ViewContainer,0/1/UI_ScrollView,0/1/UI_ScrollTransformView,0/1/UI_SubView,0/1/appHeaderCommandsPanel,0/1/UI_AppHeader_Play",
  "card8title" : "Personalizar el color de fondo",
  "card8Description" : "Añada un toque personal a su animación cambiando el color de fondo. Para ello, vaya al panel Propiedades -> Ficha Doc -> Sección Configuración del documento, haga clic en el botón Color del escenario y seleccione el color deseado.",
  "card8StepInfo" : "10 de 8",
  "card8PosAction" : "Siguiente",
  "card8NegAction" : "Anterior",
  "card8Node" : "PanelID_268$$-/OS_ViewContainer,_ScrollView,0/UI_ScrollTransformView,0/UI_,0/1/UI_SubView,0/1/UI_SubView,0/1/UI_TabViewContainer,1/1/UI_TabView,2/1/UI_ScrollView,0/1/UI_ScrollTransformView,0/1/UI_SubView,0/1/,0/1/,1/1/UI_SubView",
  "card9title" : "Compartir en medios sociales",
  "card9Description" : "Comparta su animación con amigos en los medios sociales como se muestra en el vídeo de arriba.",
  "card9StepInfo" : "10 de 9",
  "card9PosAction" : "Siguiente",
  "card9NegAction" : "Anterior",
  "card9Node" : "%DocName$$-1/0/OS_ViewContainer,0/1/UI_ScrollView,0/1/UI_ScrollTransformView,0/1/UI_SubView,4/1/UI_SubView,0/1/UI_ControlsContainer,0/1/UI_ScrollTransformView,0/1/UI_SubView,0/1/parentSubview,0/1/UI_UnitNumberEdit,2/1/UI_SubView,0/1/UI_UnitNumberEdit_PopupList",
  "card10title" : "¡Enhorabuena!",
  "card10Description" : "Felicitaciones por completar este tutorial. Ha aprendido mucho sobre fotogramas clave, extensión de fotogramas, transformaciones, interpolación y uso compartido. ¡Siga adelante!",
  "card10StepInfo" : "10 de 10",
  "card10PosAction" : "Fin",
  "card10NegAction" : "Anterior"
}