{"name":"Pig Run - Part 2","title":"Pig Run - Part 2","description":"","card1title":"Introduction","card1Description":"In this tutorial we will build on top of the first part and learn how to add motion using tween","card1StepInfo":"1 of 13","card1PosAction":"Next","card1NegAction":"Previous","card2title":"Set Stage Size","card2Description":"We are going to need some space outside the stage..\n\nSet stage size to 50% ","card2StepInfo":"2 of 13","card2PosAction":"Next","card2NegAction":"Previous","card2Node":"%DocName$$-1/0/OS_ViewContainer,0/1/UI_ScrollView,0/1/UI_ScrollTransformView,0/1/UI_SubView,4/1/UI_SubView,0/1/UI_ControlsContainer,0/1/UI_ScrollTransformView,0/1/UI_SubView,0/1/parentSubview,0/1/UI_UnitNumberEdit,2/1/UI_SubView,0/1/UI_UnitNumberEdit_PopupList","card3title":"Set Initial Asset Position","card3Description":"1. Make sure play head is on the first frame in the timeline.\n2. Move the asset on the stage and place it just to the left of the stage. \nThis will be the initial position of the asset before we start moving it.","card3StepInfo":"3 of 13","card3PosAction":"Next","card3NegAction":"Previous","card4title":"Create Keyframe","card4Description":"1. Go to and click the last frame of 'Running_Pig' layer in the timeline.  \n2. Add keyframe there by clicking 'Insert Keyframe' button.","card4StepInfo":"4 of 13","card4PosAction":"Next","card4NegAction":"Previous","card4Node":"PanelID_266$$-1/0/OS_ViewContainer,0/1/UI_ScrollView,0/1/UI_ScrollTransformView,0/1/UI_SubView,0/1/TimelinePanelRoot,0/1/TrackControl,0/1/TimelineHeader,0/1/HeaderRightControls,0/1/StatusWindow,0/1/UI_TIMELINE_STATUS_WINDOW,0/1/1b559fbf-1448-4529-893a-69c70fd4f789,0/1/LONGPRESS_PICTURE_POPUP_INSERTFRAME","card5title":"Move Asset","card5Description":"1. Go back to the first frame of Running_Pig layer and click on 'Tween' icon.\n2. Then go to (click on) the last frame of the same layer and move the asset to right, just outside the stage","card5StepInfo":"5 of 13","card5PosAction":"Next","card5NegAction":"Previous","card5Node":"PanelID_266$$-1/0/OS_ViewContainer,0/1/UI_ScrollView,0/1/UI_ScrollTransformView,0/1/UI_SubView,0/1/TimelinePanelRoot,0/1/TrackControl,0/1/TimelineHeader,0/1/HeaderRightControls,0/1/StatusWindow,0/1/UI_TIMELINE_STATUS_WINDOW,0/1/d05b3b29-8469-478d-bad1-1496c01afb45,0/1/LONGPRESS_PICTURE_POPUP_TWEENS","card6title":"Test Animation","card6Description":"1. Click on 'Play' button to test the animation. \n\nLet's now make the asset move back to the original position.","card6StepInfo":"6 of 13","card6PosAction":"Next","card6NegAction":"Previous","card6Node":"PanelID_508$$-1/0/OS_ViewContainer,0/1/UI_ScrollView,0/1/UI_ScrollTransformView,0/1/UI_SubView,0/1/appHeaderCommandsPanel,0/1/UI_AppHeader_Play","card7title":"Create Keyframe","card7Description":"We are going to start a new motion. So let's create a new keyframe next to the last frame in the layer.\n\n1. Click on Timeline panel.\n2. Click on the frame next to the last and click 'Insert Keyframe' icon.","card7StepInfo":"7 of 13","card7PosAction":"Next","card7NegAction":"Previous","card7Node":"PanelID_266$$-1/0/OS_ViewContainer,0/1/UI_ScrollView,0/1/UI_ScrollTransformView,0/1/UI_SubView,0/1/TimelinePanelRoot,0/1/TrackControl,0/1/TimelineHeader,0/1/HeaderRightControls,0/1/StatusWindow,0/1/UI_TIMELINE_STATUS_WINDOW,0/1/1b559fbf-1448-4529-893a-69c70fd4f789,0/1/LONGPRESS_PICTURE_POPUP_INSERTFRAME","card8title":"Flip Asset Direction","card8Description":"If asset has to run backwards, it's orientation also needs to change.\n\n1. Right click the asset on the stage and select Transform->Flip Horizontal option","card8StepInfo":"8 of 13","card8PosAction":"Next","card8NegAction":"Previous","card9title":"Move Asset to Origin","card9Description":"We will now create Tween to move the asset to origin. \n1. Keeping the play-head on the same frame as the last step, click on 'Classic Tween' button.\n2. Then click on the 100th Frame and move the asset to left end of the stage.","card9StepInfo":"9 of 13","card9PosAction":"Next","card9NegAction":"Previous","card9Node":"PanelID_266$$-1/0/OS_ViewContainer,0/1/UI_ScrollView,0/1/UI_ScrollTransformView,0/1/UI_SubView,0/1/TimelinePanelRoot,0/1/TrackControl,0/1/TimelineHeader,0/1/HeaderRightControls,0/1/StatusWindow,0/1/UI_TIMELINE_STATUS_WINDOW,0/1/d05b3b29-8469-478d-bad1-1496c01afb45,0/1/LONGPRESS_PICTURE_POPUP_TWEENS","card10title":"Expand Layer Span","card10Description":"You would observe that the background image disappears after the first tween.\nWe need to extend span of the background layer till the end of the animation span.\n1. Right click on 100th frame on 'Grey Sky' layer and select  'Insert Frame' option.","card10StepInfo":"10 of 13","card10PosAction":"Next","card10NegAction":"Previous","card10Node":"PanelID_266$$-1/0/OS_ViewContainer,0/1/UI_ScrollView,0/1/UI_ScrollTransformView,0/1/UI_SubView,0/1/TimelinePanelRoot,0/1/TrackControl,0/1/TimelineHeader,0/1/HeaderRightControls","card11title":"Test Animation","card11Description":"1. Click 'Play' button to test the animation","card11StepInfo":"11 of 13","card11PosAction":"Next","card11NegAction":"Previous","card11Node":"PanelID_508$$-1/0/OS_ViewContainer,0/1/UI_ScrollView,0/1/UI_ScrollTransformView,0/1/UI_SubView,0/1/appHeaderCommandsPanel,0/1/UI_AppHeader_Play","card12title":"Share Animation","card12Description":"1. Click on 'Share' button \n2. Then on 'Social Share' button. \n3. Choose the platform to share and follow further instruction to share your animation on the chosen platform.","card12StepInfo":"12 of 13","card12PosAction":"Next","card12NegAction":"Previous","card12Node":"PanelID_508$$-1/0/OS_ViewContainer,0/1/UI_ScrollView,0/1/UI_ScrollTransformView,0/1/UI_SubView,0/1/appHeaderCommandsPanel,0/1/UI_QuickExport_Button","card13title":"Congratulations","card13Description":"Congratulations on completing this tutorial!","card13StepInfo":"13 of 13","card13PosAction":"End","card13NegAction":"Previous"}