<!--paste_motion_special-->
<!--This XML file is used as a template to re-write the other file PasteMotionSpecialDialog.xml, in order to persist the settings.-->
<dialog title="Pegar movimiento especial" buttons="accept, cancel">
	<vbox>
		<label value="Pegar estas propiedades:"/> 
		<checkbox id="x" checked="true" label="Posición X"/>
		<checkbox id="y" checked="true" label="Posición Y"/> 
		<checkbox id="scaleX" checked="true" label="Escala horizontal"/>
		<checkbox id="scaleY" checked="true" label="Escala vertical"/> 
		<checkbox id="rotationAndSkew" checked="true" label="Rotación y sesgo"/>
		<checkbox id="color" checked="true" label="Color"/> 
		<checkbox id="filters" checked="true" label="Filtros"/>
		<checkbox id="blendMode" checked="true" label="Modo de mezcla"/> 
		<separator/> 
		<checkbox id="overrideScale" checked="false" label="Suplantar propiedades de escala de destino"/> 
		<checkbox id="overrideRotationAndSkew" checked="false" label="Suplantar propiedades de rotación y sesgo de destino"/>
	</vbox>
</dialog> 
