{"name":"Icon Animation","title":"Icon Animation","description":"","card1title":"Lets get started","card1Description":"In this tutorial, we will learn how to animate a simple icon in just about 13 steps","card1StepInfo":"","card1PosAction":"Next","card1NegAction":"Previous","card1Node":"%DocName$$-1/0/OS_ViewContainer,0/1/UI_ScrollView,0/1/UI_ScrollTransformView,0/1/UI_SubView,4/1/UI_SubView,0/1/UI_ControlsContainer,0/1/UI_ScrollTransformView,0/1/UI_SubView,0/1/parentSubview,0/1/UI_UnitNumberEdit,2/1/UI_SubView,0/1/UI_UnitNumberEdit_PopupList","card2title":"Importing an asset to stage","card2Description":"Select the frame 1 and go to Asset panel > Default > Static and drag & drop the Pencil_Icon on to the centre of the stage","card2StepInfo":"1 of 14","card2PosAction":"Next","card2NegAction":"Previous","card2Node":"%DocName$$-1/0/OS_ViewContainer,0/1/UI_ScrollView,0/1/UI_ScrollTransformView,0/1/UI_SubView,4/1/UI_SubView,0/1/UI_ControlsContainer,0/1/UI_ScrollTransformView,0/1/UI_SubView,0/1/parentSubview,0/1/UI_UnitNumberEdit,2/1/UI_SubView,0/1/UI_UnitNumberEdit_PopupList","card3title":"Position transform point","card3Description":"Select the asset with 'Free Transform Tool (Q)' and position the transform point to the bottom left corner as illustrated","card3StepInfo":"2 of 14","card3PosAction":"Next","card3NegAction":"Previous","card3Node":"PanelID_273$$-1/0/OS_ViewContainer,0/1/UI_ScrollView,0/1/UI_ScrollTransformView,0/1/UI_SubView,0/1/ToolPanelRoot,0/1/ToolsContainer,0/1/33507","card4title":"Inserting a keyframe","card4Description":"Insert a keyframe at 20 and rotate the asset by holding 'Shift' key","card4StepInfo":"3 of 14","card4PosAction":"Next","card4NegAction":"Previous","card4Node":"PanelID_266$$-1/0/OS_ViewContainer,0/1/UI_ScrollView,0/1/UI_ScrollTransformView,0/1/UI_SubView,0/1/TimelinePanelRoot,0/1/TrackControl,0/1/TimelineHeader,0/1/HeaderRightControls,0/1/StatusWindow,0/1/UI_TIMELINE_STATUS_WINDOW,0/1/2e422542-058e-4dda-9955-3dca69ca1cfe,0/1/PICTURE_BUTTON_INSERTKEYFRAME","card5title":"Setting a key pose","card5Description":"Select frame 20 and move the asset to the right as illustrated. Now insert keyframes at 30 & 40. ","card5StepInfo":"4 of 14","card5PosAction":"Next","card5NegAction":"Previous","card5Node":"PanelID_266$$-1/0/OS_ViewContainer,0/1/UI_ScrollView,0/1/UI_ScrollTransformView,0/1/UI_SubView,0/1/TimelinePanelRoot,0/1/TrackControl,0/1/TimelineHeader,0/1/HeaderLeftControls,0/1/TimelineDisplayModeButton","card6title":"Copying & pasting frames","card6Description":"Right click and copy frames at frame 1, now go to frame 40 and again right click to paste frames to ensure a seamless looping motion","card6StepInfo":"5 of 14","card6PosAction":"Next","card6NegAction":"Previous","card6Node":"PanelID_266$$-1/0/OS_ViewContainer,0/1/UI_ScrollView,0/1/UI_ScrollTransformView,0/1/UI_SubView,0/1/TimelinePanelRoot,0/1/TrackControl,0/1/TimelineHeader,0/1/HeaderLeftControls,0/1/TimelineDisplayModeButton","card7title":"Adding motion","card7Description":"'Insert classic tween' between key frames 1 & 20, 20 & 30, 30 & 40 as illustrated","card7StepInfo":"6 of 14","card7PosAction":"Next","card7NegAction":"Previous","card7Node":"PanelID_266$$-1/0/OS_ViewContainer,0/1/UI_ScrollView,0/1/UI_ScrollTransformView,0/1/UI_SubView,0/1/TimelinePanelRoot,0/1/TrackControl,0/1/TimelineHeader,0/1/HeaderRightControls,0/1/StatusWindow,0/1/UI_TIMELINE_STATUS_WINDOW,0/1/db7ab040-8e13-4f3f-8044-43d535a8fb2f,0/1/PICTURE_BUTTON_CREATECLASSICTWEEN","card8title":"Changing properties","card8Description":"Hold 'Shift' key and select frames 10 to 35. Now go properties as illustrated","card8StepInfo":"7 of 14","card8PosAction":"Next","card8NegAction":"Previous","card8Node":"%DocName$$-1/0/OS_ViewContainer,0/1/UI_ScrollView,0/1/UI_ScrollTransformView,0/1/UI_SubView,4/1/UI_SubView,0/1/UI_ControlsContainer,0/1/UI_ScrollTransformView,0/1/UI_SubView,0/1/parentSubview,0/1/UI_UnitNumberEdit,2/1/UI_SubView,0/1/UI_UnitNumberEdit_PopupList","card9title":"Adding physics","card9Description":"Select Effect: Classic ease and then click on 'Ease out'. Now double click on 'Quart' ","card9StepInfo":"8 of 14","card9PosAction":"Next","card9NegAction":"Previous","card9Node":"%DocName$$-1/0/OS_ViewContainer,0/1/UI_ScrollView,0/1/UI_ScrollTransformView,0/1/UI_SubView,4/1/UI_SubView,0/1/UI_ControlsContainer,0/1/UI_ScrollTransformView,0/1/UI_SubView,0/1/parentSubview,0/1/UI_UnitNumberEdit,2/1/UI_SubView,0/1/UI_UnitNumberEdit_PopupList","card10title":"Creating the line","card10Description":"Click on frame 1 and add a new layer. Now draw a small square as illustrated","card10StepInfo":"9 of 14","card10PosAction":"Next","card10NegAction":"Previous","card10Node":"PanelID_266$$-1/0/OS_ViewContainer,0/1/UI_ScrollView,0/1/UI_ScrollTransformView,0/1/UI_SubView,0/1/TimelinePanelRoot,0/1/TrackControl,0/1/LayerHeader,0/1/LayerHeaderLeftControls,0/1/TimelineNewLayer","card11title":"Setting key poses","card11Description":"Add a keyframe at 20 and move the square to the right by using the 'Selection Tool' (V). Now add another keyframe at 5 and stretch the square with 'Free Transform Tool' (Q) while holding Option or Alt key","card11StepInfo":"10 of 14","card11PosAction":"Next","card11NegAction":"Previous","card11Node":"PanelID_273$$-1/0/OS_ViewContainer,0/1/UI_ScrollView,0/1/UI_ScrollTransformView,0/1/UI_SubView,0/1/ToolPanelRoot,0/1/ToolsContainer,0/1/33507","card12title":"Adding shape tween","card12Description":"'Insert shape tween' between key frames 1 & 5 and 5 & 20 as illustrated","card12StepInfo":"11 of 14","card12PosAction":"Next","card12NegAction":"Previous","card12Node":"PanelID_266$$-1/0/OS_ViewContainer,0/1/UI_ScrollView,0/1/UI_ScrollTransformView,0/1/UI_SubView,0/1/TimelinePanelRoot,0/1/TrackControl,0/1/TimelineHeader,0/1/HeaderRightControls,0/1/StatusWindow,0/1/UI_TIMELINE_STATUS_WINDOW,0/1/5de37ab1-0331-45f1-9c55-b38c0c7ae258,0/1/PICTURE_BUTTON_CREATESHAPETWEEN","card13title":"Tidying up","card13Description":"Remove excess frames (20 to 40) and select any frame between 5 & 20 to add 'Quart Ease Out' as illustrated ","card13StepInfo":"12 of 14","card13PosAction":"Next","card13NegAction":"Previous","card13Node":"PanelID_266$$-1/0/OS_ViewContainer,0/1/UI_ScrollView,0/1/UI_ScrollTransformView,0/1/UI_SubView,0/1/TimelinePanelRoot,0/1/TrackControl,0/1/TimelineHeader,0/1/HeaderRightControls,0/1/StatusWindow,0/1/UI_TIMELINE_STATUS_WINDOW,0/1/125940ba-7e87-4cd4-ae98-46829c86b2a1,0/1/PICTURE_BUTTON_REMOVEFRAME","card14title":"Almost done","card14Description":"Let's make it a bit more real. Select frame 20 and rotate the asset slightly to the left. Now select the frame 30 and move it upwards by a few pixels as illustrated.","card14StepInfo":"13 of 14","card14PosAction":"Next","card14NegAction":"Previous","card14Node":"%DocName$$-1/0/OS_ViewContainer,0/1/UI_ScrollView,0/1/UI_ScrollTransformView,0/1/UI_SubView,4/1/UI_SubView,0/1/UI_ControlsContainer,0/1/UI_ScrollTransformView,0/1/UI_SubView,0/1/parentSubview,0/1/UI_UnitNumberEdit,2/1/UI_SubView,0/1/UI_UnitNumberEdit_PopupList","card15title":"Great job!","card15Description":"Finally, let's export your animation into a Gif. And of course, don't forget to save your work.","card15StepInfo":"14 of 14","card15PosAction":"End","card15NegAction":"Previous","card15Node":"%DocName$$-1/0/OS_ViewContainer,0/1/UI_ScrollView,0/1/UI_ScrollTransformView,0/1/UI_SubView,4/1/UI_SubView,0/1/UI_ControlsContainer,0/1/UI_ScrollTransformView,0/1/UI_SubView,0/1/parentSubview,0/1/UI_UnitNumberEdit,2/1/UI_SubView,0/1/UI_UnitNumberEdit_PopupList"}