<?xml version="1.0" encoding="UTF-8" standalone="yes"?>
<Query>
<Header>
<Version major="5" minor="1">
</Version>
<Application value="Adobe InDesign">
</Application>
<QueryType value="Grep" qid="1">
</QueryType>
</Header>
<Description>
<FindExpression value="~b~b+">
</FindExpression>
<ReplaceExpression value="\r">
</ReplaceExpression>
<Scope value="3">
</Scope>
<FindChangeOptions>
<IncludeLockedLayers value="0">
</IncludeLockedLayers>
<IncludeLockedStories value="0">
</IncludeLockedStories>
<IncludeMasterPages value="0">
</IncludeMasterPages>
<IncludeHiddenLayers value="0">
</IncludeHiddenLayers>
<IncludeFootnotes value="1">
</IncludeFootnotes>
<KanaSensitive value="0">
</KanaSensitive>
<WidthSensitive value="1">
</WidthSensitive>
</FindChangeOptions>
<FindFormatSettings>
</FindFormatSettings>
<ReplaceFormatSettings>
</ReplaceFormatSettings>
</Description>
</Query>
