<?xml version="1.0"?>
<flash_profile version="1.0" name="Default">
  <PublishFormatProperties enabled="true">
    <defaultNames>1</defaultNames>
    <flash>1</flash>
    <generator>0</generator>
    <html>1</html>
    <gif>0</gif>
    <jpeg>0</jpeg>
    <png>0</png>
    <oam>0</oam>
    <flashDefaultName>1</flashDefaultName>
    <generatorDefaultName>1</generatorDefaultName>
    <htmlDefaultName>1</htmlDefaultName>
    <gifDefaultName>1</gifDefaultName>
    <jpegDefaultName>1</jpegDefaultName>
    <pngDefaultName>1</pngDefaultName>
    <oamDefaultName>1</oamDefaultName>
    <flashFileName>Untitled-1.swf</flashFileName>
    <generatorFileName>Untitled-1.swt</generatorFileName>
    <htmlFileName>Untitled-1.html</htmlFileName>
    <gifFileName>Untitled-1.gif</gifFileName>
    <jpegFileName>Untitled-1.jpg</jpegFileName>
    <pngFileName>Untitled-1.png</pngFileName>
    <oamFileName>Untitled-1.oam</oamFileName>
  </PublishFormatProperties>
  <PublishHtmlProperties enabled="true">
    <Width>550</Width>
    <Height>400</Height>
    <Align>0</Align>
    <Units>0</Units>
    <Loop>1</Loop>
    <StartPaused>0</StartPaused>
    <Scale>0</Scale>
    <HorizontalAlignment>1</HorizontalAlignment>
    <VerticalAlignment>1</VerticalAlignment>
    <Quality>4</Quality>
    <DeblockingFilter>0</DeblockingFilter>
    <WindowMode>0</WindowMode>
    <DisplayMenu>1</DisplayMenu>
    <DeviceFont>0</DeviceFont>
    <TemplateFileName>Default.html</TemplateFileName>
    <showTagWarnMsg>1</showTagWarnMsg>
  </PublishHtmlProperties>
  <PublishFlashProperties enabled="true">
    <TopDown>0</TopDown>
    <Report>0</Report>
    <Protect>0</Protect>
    <OmitTraceActions>0</OmitTraceActions>
    <Quality>80</Quality>
    <DeblockingFilter>0</DeblockingFilter>
    <StreamFormat>0</StreamFormat>
    <StreamCompress>7</StreamCompress>
    <EventFormat>0</EventFormat>
    <EventCompress>7</EventCompress>
    <OverrideSounds>0</OverrideSounds>
    <Version>41</Version>
    <ExternalPlayer>FlashPlayer30.0</ExternalPlayer>
    <ActionScriptVersion>3</ActionScriptVersion>
    <PackageExportFrame>1</PackageExportFrame>
    <PackagePaths></PackagePaths>
    <AS3PackagePaths>.</AS3PackagePaths>
    <AS3LibraryPaths>$(AppConfig)/ActionScript 3.0/libs</AS3LibraryPaths>
    <AS3ExternalLibraryPaths></AS3ExternalLibraryPaths>
    <AS3ConfigConst>CONFIG::FLASH_AUTHORING=&quot;true&quot;;</AS3ConfigConst>
    <DebuggingPermitted>0</DebuggingPermitted>
    <DebuggingPassword></DebuggingPassword>
    <CompressMovie>1</CompressMovie>
    <FireFox>0</FireFox>
    <InvisibleLayer>1</InvisibleLayer>
    <DeviceSound>0</DeviceSound>
    <StreamUse8kSampleRate>0</StreamUse8kSampleRate>
    <EventUse8kSampleRate>0</EventUse8kSampleRate>
    <UseNetwork>0</UseNetwork>
    <DocumentClass></DocumentClass>
    <AS3Strict>1</AS3Strict>
    <AS3Coach>1</AS3Coach>
    <AS3AutoDeclare>1</AS3AutoDeclare>
    <AS3Dialect>AS3</AS3Dialect>
    <AS3ExportFrame>1</AS3ExportFrame>
    <AS3Optimize>1</AS3Optimize>
    <ExportSwc>0</ExportSwc>
    <ScriptStuckDelay>15</ScriptStuckDelay>
    <IncludeXMP>1</IncludeXMP>
    <HardwareAcceleration>0</HardwareAcceleration>
	<EnableTelemetry>0</EnableTelemetry>
	<TelemetryPassword></TelemetryPassword>
  </PublishFlashProperties>
  <PublishJpegProperties enabled="true">
    <Width>550</Width>
    <Height>400</Height>
    <Progressive>0</Progressive>
    <DPI>4718592</DPI>
    <Size>0</Size>
    <Quality>80</Quality>
    <MatchMovieDim>1</MatchMovieDim>
  </PublishJpegProperties>
  <PublishGifProperties enabled="true">
    <Width>550</Width>
    <Height>400</Height>
    <Animated>0</Animated>
    <MatchMovieDim>1</MatchMovieDim>
    <Loop>1</Loop>
    <LoopCount></LoopCount>
    <OptimizeColors>1</OptimizeColors>
    <Interlace>0</Interlace>
    <Smooth>1</Smooth>
    <DitherSolids>0</DitherSolids>
    <RemoveGradients>0</RemoveGradients>
    <TransparentOption></TransparentOption>
    <TransparentAlpha>128</TransparentAlpha>
    <DitherOption></DitherOption>
    <PaletteOption></PaletteOption>
    <MaxColors>255</MaxColors>
    <PaletteName></PaletteName>
  </PublishGifProperties>
  <PublishPNGProperties enabled="true">
    <Width>550</Width>
    <Height>400</Height>
    <OptimizeColors>1</OptimizeColors>
    <Interlace>0</Interlace>
    <Transparent>0</Transparent>
    <Smooth>1</Smooth>
    <DitherSolids>0</DitherSolids>
    <RemoveGradients>0</RemoveGradients>
    <MatchMovieDim>1</MatchMovieDim>
    <DitherOption></DitherOption>
    <FilterOption></FilterOption>
    <PaletteOption></PaletteOption>
    <BitDepth>24-bit with Alpha</BitDepth>
    <MaxColors>255</MaxColors>
    <PaletteName></PaletteName>
  </PublishPNGProperties>
  <PublishOamProperties enabled="true">
      <Width>550</Width>
      <Height>400</Height>
      <CurrentFramePNG>1</CurrentFramePNG>
      <CustomPNG>0</CustomPNG>
      <PNGFilePath></PNGFilePath>
      <Transparency>0</Transparency>
  </PublishOamProperties>
</flash_profile>
