{
  "name" : "Caballito de mar animado",
  "title" : "Caballito de mar animado",
  "description" : "",
  "card1title" : "Caballito de mar animado",
  "card1Description" : "En este tutorial, animaremos un caballito de mar con la herramienta de rigging actual.",
  "card1StepInfo" : "",
  "card1PosAction" : "Siguiente",
  "card1NegAction" : "Anterior",
  "card2title" : "Seleccionar el caballito de mar",
  "card2Description" : "Utilice la herramienta Selección para seleccionar el caballito de mar.",
  "card2StepInfo" : "1 de 9",
  "card2PosAction" : "Siguiente",
  "card2NegAction" : "Anterior",
  "card2Node" : "PanelID_273$$-1/0/OS_ViewContainer,0/1/UI_ScrollView,0/1/UI_ScrollTransformView,0/1/UI_SubView,0/1/ToolPanelRoot,0/1/ToolsContainer,0/1/33508",
  "card3title" : "Empezar a crear el rig",
  "card3Description" : "Utilice la herramienta de deformación de recursos (W) para crear un rig como se le muestra.",
  "card3StepInfo" : "2 de 9",
  "card3PosAction" : "Siguiente",
  "card3NegAction" : "Anterior",
  "card3Node" : "PanelID_273$$-1/0/OS_ViewContainer,0/1/UI_ScrollView,0/1/UI_ScrollTransformView,0/1/UI_SubView,0/1/ToolPanelRoot,0/1/ToolsContainer,0/1/33125",
  "card4title" : "Rig de las aletas",
  "card4Description" : "Haga clic fuera de la imagen para anular la selección y, a continuación, haga clic en el nodo raíz y cree un rig para las aletas.",
  "card4StepInfo" : "3 de 9",
  "card4PosAction" : "Siguiente",
  "card4NegAction" : "Anterior",
  "card4Node" : "PanelID_273$$-1/0/OS_ViewContainer,0/1/UI_ScrollView,0/1/UI_ScrollTransformView,0/1/UI_SubView,0/1/ToolPanelRoot,0/1/ToolsContainer,0/1/33127",
  "card5title" : "Finalizar la configuración del rig",
  "card5Description" : "Haga clic fuera para anular la selección, haga clic en el hueso raíz y luego realice el rig de las aletas como se muestra.",
  "card5StepInfo" : "4 de 9",
  "card5PosAction" : "Siguiente",
  "card5NegAction" : "Anterior",
  "card5Node" : "PanelID_273$$-1/0/OS_ViewContainer,0/1/UI_ScrollView,0/1/UI_ScrollTransformView,0/1/UI_SubView,0/1/ToolPanelRoot,0/1/ToolsContainer,0/1/33127",
  "card6title" : "Configurar el último fotograma",
  "card6Description" : "Haga clic en el fotograma 80 de la capa del caballito de mar y, a continuación, haga clic en el botón Insertar fotograma clave.",
  "card6StepInfo" : "5 de 9",
  "card6PosAction" : "Siguiente",
  "card6NegAction" : "Anterior",
  "card6Node" : "PanelID_266$$-1/0/OS_ViewContainer,0/1/UI_ScrollView,0/1/UI_ScrollTransformView,0/1/UI_SubView,0/1/TimelinePanelRoot,0/1/TrackControl,0/1/TimelineHeader,0/1/HeaderRightControls,0/1/StatusWindow,0/1/UI_TIMELINE_STATUS_WINDOW,0/1/654dcb50-b883-4bbc-8c04-84dd0c5bf7b0,0/1/PICTURE_BUTTON_INSERTKEYFRAME",
  "card7title" : "Configurar pose intermedia",
  "card7Description" : "Haga clic en el fotograma 40 y, luego, en el botón Insertar fotograma clave. Ahora modifique la imagen ligeramente como se le indica.",
  "card7StepInfo" : "6 de 9",
  "card7PosAction" : "Siguiente",
  "card7NegAction" : "Anterior",
  "card7Node" : "PanelID_273$$-1/0/OS_ViewContainer,0/1/UI_ScrollView,0/1/UI_ScrollTransformView,0/1/UI_SubView,0/1/ToolPanelRoot,0/1/ToolsContainer,0/1/33125",
  "card8title" : "Configurar la interpolación",
  "card8Description" : "Haga clic en cualquier fotograma del primer grupo. A continuación, pulse la tecla MAYÚS y seleccione cualquier fotograma del segundo grupo hasta el fotograma 40. Después, haga clic en el botón Crear interpolación clásica como se le indica.",
  "card8StepInfo" : "7 de 9",
  "card8PosAction" : "Siguiente",
  "card8NegAction" : "Anterior",
  "card8Node" : "PanelID_266$$-1/0/OS_ViewContainer,0/1/UI_ScrollView,0/1/UI_ScrollTransformView,0/1/UI_SubView,0/1/TimelinePanelRoot,0/1/TrackControl,0/1/TimelineHeader,0/1/HeaderRightControls,0/1/StatusWindow,0/1/UI_TIMELINE_STATUS_WINDOW,0/1/5537ec7e-2f69-4d3c-8da8-edf2ce9a4ec5,0/1/PICTURE_BUTTON_CREATECLASSICTWEEN",
  "card9title" : "Pruebe su animación",
  "card9Description" : "Haga clic en el botón Probar película en la parte superior derecha y vea la animación.",
  "card9StepInfo" : "8 de 9",
  "card9PosAction" : "Siguiente",
  "card9NegAction" : "Anterior",
  "card9Node" : "PanelID_508$$-1/0/OS_ViewContainer,0/1/UI_ScrollView,0/1/UI_ScrollTransformView,0/1/UI_SubView,0/1/appHeaderCommandsPanel,0/1/UI_AppHeader_Play",
  "card10title" : "Compartir en Twitter",
  "card10Description" : "Comparta el resultado en Twitter con el botón de publicación rápida.",
  "card10StepInfo" : "9 de 9",
  "card10PosAction" : "Siguiente tutorial",
  "card10NegAction" : "Anterior",
  "card10Node" : "%DocName$$-1/0/OS_ViewContainer,0/1/UI_ScrollView,0/1/UI_ScrollTransformView,0/1/UI_SubView,4/1/UI_SubView,0/1/UI_ControlsContainer,0/1/UI_ScrollTransformView,0/1/UI_SubView,0/1/parentSubview,0/1/CenterStageButton"
}