<?xml version="1.0" encoding="UTF-8" standalone="yes"?>
<user-workspace application-version="6.0" build-number="265">
<PaletteWorkspace FeatureSet="512" version="2.0">
<OWLWorkspaceBookmark bookmarkdata="workspacedata-is-in-CDATA-section">
<![CDATA[<workspace version="1">
	<dock anchor="top" content="multi-control-bar" is-closed="false">
		<control-bar-pane >
			<control-bar id="0x58db0fc0" origin="49 89" size="274 26" is-closed="false" app-data="#lt;OWLPaletteLeaf name=#quot;Command Bar#quot; id=#quot;46337#quot; detailLevel=#quot;0#quot; closed=#quot;false#quot;>
#lt;ControlSet id=#quot;46386#quot; visible=#quot;true#quot;>
#lt;/ControlSet>
#lt;ControlSet id=#quot;46387#quot; visible=#quot;true#quot;>
#lt;/ControlSet>
#lt;ControlSet id=#quot;1112#quot; visible=#quot;true#quot;>
#lt;/ControlSet>
#lt;ControlSet id=#quot;1113#quot; visible=#quot;true#quot;>
#lt;/ControlSet>
#lt;/OWLPaletteLeaf>
"/>
			<control-bar id="0x58d59e00" origin="341 89" size="323 26" is-closed="true" app-data="#lt;OWLPaletteLeaf name=#quot;Change Tracking Toolbar#quot; id=#quot;42299#quot; detailLevel=#quot;0#quot; closed=#quot;true#quot;>
#lt;ControlSet id=#quot;42316#quot; visible=#quot;true#quot;>
#lt;/ControlSet>
#lt;ControlSet id=#quot;42296#quot; visible=#quot;true#quot;>
#lt;/ControlSet>
#lt;ControlSet id=#quot;42297#quot; visible=#quot;true#quot;>
#lt;/ControlSet>
#lt;ControlSet id=#quot;1102#quot; visible=#quot;true#quot;>
#lt;/ControlSet>
#lt;ControlSet id=#quot;1103#quot; visible=#quot;true#quot;>
#lt;/ControlSet>
#lt;/OWLPaletteLeaf>
"/>
			<control-bar id="0x5c663600" origin="341 89" size="732 31" is-closed="false" app-data="#lt;OWLPaletteLeaf name=#quot;Character#quot; id=#quot;26901#quot; detailLevel=#quot;0#quot; closed=#quot;false#quot;>
#lt;ControlSet id=#quot;27053#quot; visible=#quot;true#quot;>
#lt;/ControlSet>
#lt;ControlSet id=#quot;27054#quot; visible=#quot;true#quot;>
#lt;/ControlSet>
#lt;ControlSet id=#quot;27055#quot; visible=#quot;false#quot;>
#lt;/ControlSet>
#lt;ControlSet id=#quot;27056#quot; visible=#quot;false#quot;>
#lt;/ControlSet>
#lt;/OWLPaletteLeaf>
"/>
			<control-bar id="0x5c661520" origin="991 89" size="745 31" is-closed="false" app-data="#lt;OWLPaletteLeaf name=#quot;Paragraph#quot; id=#quot;27162#quot; detailLevel=#quot;0#quot; closed=#quot;false#quot;>
#lt;ControlSet id=#quot;27302#quot; visible=#quot;true#quot;>
#lt;/ControlSet>
#lt;ControlSet id=#quot;27303#quot; visible=#quot;false#quot;>
#lt;/ControlSet>
#lt;ControlSet id=#quot;27304#quot; visible=#quot;false#quot;>
#lt;/ControlSet>
#lt;ControlSet id=#quot;27305#quot; visible=#quot;false#quot;>
#lt;/ControlSet>
#lt;/OWLPaletteLeaf>
"/>
		</control-bar-pane>
		<control-bar-pane >
			<app-container-control-bar id="0x6827c720" origin="0 22" size="428 33" is-closed="false"/>
		</control-bar-pane>
	</dock>
	<dock anchor="bottom" content="multi-control-bar" is-closed="false">
		<control-bar-pane >
			<control-bar id="0x58d92590" origin="49 1036" size="324 26" is-closed="false" app-data="#lt;OWLPaletteLeaf name=#quot;Galley Controls#quot; id=#quot;62518#quot; detailLevel=#quot;0#quot; closed=#quot;false#quot;>
#lt;ControlSet id=#quot;62521#quot; visible=#quot;true#quot;>
#lt;/ControlSet>
#lt;ControlSet id=#quot;62531#quot; visible=#quot;true#quot;>
#lt;/ControlSet>
#lt;/OWLPaletteLeaf>
"/>
			<control-bar id="0x5994aed0" origin="391 1036" size="439 26" is-closed="false" app-data="#lt;OWLPaletteLeaf name=#quot;Copyfit Info#quot; id=#quot;63745#quot; detailLevel=#quot;0#quot; closed=#quot;false#quot;>
#lt;ControlSet id=#quot;63749#quot; visible=#quot;true#quot;>
#lt;/ControlSet>
#lt;ControlSet id=#quot;63750#quot; visible=#quot;false#quot;>
#lt;/ControlSet>
#lt;ControlSet id=#quot;63751#quot; visible=#quot;false#quot;>
#lt;/ControlSet>
#lt;ControlSet id=#quot;63752#quot; visible=#quot;false#quot;>
#lt;/ControlSet>
#lt;ControlSet id=#quot;63763#quot; visible=#quot;true#quot;>
#lt;/ControlSet>
#lt;/OWLPaletteLeaf>
"/>
		</control-bar-pane>
	</dock>
	<dock anchor="left" content="palette toolbar" is-closed="false">
		<toolbar id="0x5a37a960" origin="50 142" size-variant="vertical-narrow" is-closed="false" app-data="#lt;OWLPaletteLeaf id=#quot;4353#quot; closed=#quot;false#quot;>
#lt;/OWLPaletteLeaf>
"/>
	</dock>
	<dock anchor="right" content="palette toolbar" is-closed="false"/>
	<dock anchor="none" content="palette toolbar" origin="-4.85739e+14 600" is-closed="true">
		<tab-pane mode="expanded" preferred-iconic-length="0" layout-mode="manual">
			<tab-group active-palette="0x58d32020" is-closed="false">
				<palette id="0x58d32020" is-closed="false" preferred-unconstrained-size="240 141" preferred-constrained-size="240 141" current-state="2" is-minimized="false" app-data="#lt;OWLPaletteLeaf name=#quot;Tag_PanelName#quot; id=#quot;78603#quot; minimized=#quot;false#quot; resizeable=#quot;true#quot; NeverShown=#quot;true#quot; detailLevel=#quot;0#quot; listBoxDetailLevel=#quot;0#quot; closed=#quot;false#quot;>
#lt;/OWLPaletteLeaf>
" host-cached-sizes="false"/>
			</tab-group>
		</tab-pane>
	</dock>
	<dock anchor="none" content="palette toolbar" origin="-5.11923e+14 600" is-closed="true">
		<tab-pane mode="expanded" preferred-iconic-length="0" layout-mode="manual">
			<tab-group active-palette="0x59902530" is-closed="false">
				<palette id="0x59902530" is-closed="false"  current-state="1" is-minimized="false" app-data="#lt;OWLPaletteLeaf name=#quot;SP_Story#quot; id=#quot;21249#quot; minimized=#quot;false#quot; resizeable=#quot;false#quot; NeverShown=#quot;true#quot; detailLevel=#quot;0#quot; closed=#quot;false#quot;>
#lt;/OWLPaletteLeaf>
" host-cached-sizes="false"/>
			</tab-group>
		</tab-pane>
	</dock>
	<dock anchor="none" content="palette toolbar" origin="-5.42432e+14 600" is-closed="true">
		<tab-pane mode="expanded" preferred-iconic-length="0" layout-mode="manual">
			<tab-group active-palette="0x599f69c0" is-closed="false">
				<palette id="0x599f69c0" is-closed="false" preferred-unconstrained-size="240 134" preferred-constrained-size="240 134" current-state="2" is-minimized="false" app-data="#lt;OWLPaletteLeaf name=#quot;Script_PanelName#quot; id=#quot;52229#quot; minimized=#quot;false#quot; resizeable=#quot;true#quot; NeverShown=#quot;true#quot; detailLevel=#quot;1#quot; closed=#quot;false#quot;>
#lt;/OWLPaletteLeaf>
" host-cached-sizes="false"/>
			</tab-group>
		</tab-pane>
	</dock>
	<dock anchor="none" content="palette toolbar" origin="-5.5177e+14 600" is-closed="true">
		<tab-pane mode="expanded" preferred-iconic-length="0" layout-mode="manual">
			<tab-group active-palette="0x59b391b0" is-closed="false">
				<palette id="0x59b391b0" is-closed="false" preferred-unconstrained-size="240 275" preferred-constrained-size="240 275" current-state="1" is-minimized="false" app-data="#lt;OWLPaletteLeaf name=#quot;Notes#quot; id=#quot;47911#quot; minimized=#quot;false#quot; resizeable=#quot;true#quot; NeverShown=#quot;true#quot; detailLevel=#quot;1#quot; closed=#quot;false#quot;>
#lt;/OWLPaletteLeaf>
" host-cached-sizes="false"/>
			</tab-group>
		</tab-pane>
	</dock>
	<dock anchor="none" content="palette toolbar" origin="-4.9206e+14 600" is-closed="true">
		<tab-pane mode="expanded" preferred-iconic-length="0" layout-mode="manual">
			<tab-group active-palette="0x5705f440" is-closed="false">
				<palette id="0x5705f440" is-closed="false"  current-state="1" is-minimized="false" app-data="#lt;OWLPaletteLeaf name=#quot;Change Info#quot; id=#quot;42300#quot; minimized=#quot;false#quot; resizeable=#quot;false#quot; NeverShown=#quot;true#quot; detailLevel=#quot;0#quot; closed=#quot;false#quot;>
#lt;ControlSet id=#quot;1200#quot; visible=#quot;true#quot;>
#lt;/ControlSet>
#lt;ControlSet id=#quot;1201#quot; visible=#quot;true#quot;>
#lt;/ControlSet>
#lt;/OWLPaletteLeaf>
" host-cached-sizes="false"/>
			</tab-group>
		</tab-pane>
	</dock>
	<dock anchor="none" content="palette toolbar" origin="-5.36055e+14 600" is-closed="true">
		<tab-pane mode="expanded" preferred-iconic-length="0" layout-mode="manual">
			<tab-group active-palette="0x59b5ce70" is-closed="false">
				<palette id="0x59b5ce70" is-closed="false" preferred-unconstrained-size="240 207" preferred-constrained-size="240 361" current-state="1" is-minimized="false" app-data="#lt;OWLPaletteLeaf name=#quot;Swatches#quot; id=#quot;16385#quot; minimized=#quot;false#quot; resizeable=#quot;true#quot; NeverShown=#quot;true#quot; detailLevel=#quot;0#quot; listBoxDetailLevel=#quot;0#quot; closed=#quot;false#quot;>
#lt;ControlSet id=#quot;16496#quot; visible=#quot;true#quot;>
#lt;/ControlSet>
#lt;SwatchesPanelOptions displayFilter=#quot;0#quot; colorViewStyle=#quot;16388#quot; gradientViewStyle=#quot;16388#quot; bothViewStyle=#quot;16388#quot;>
#lt;/SwatchesPanelOptions>
#lt;/OWLPaletteLeaf>
" host-cached-sizes="false"/>
			</tab-group>
		</tab-pane>
	</dock>
	<dock anchor="none" content="palette toolbar" origin="-4.97591e+14 600" is-closed="true">
		<tab-pane mode="expanded" preferred-iconic-length="0" layout-mode="manual">
			<tab-group active-palette="0x58da15a0" is-closed="false">
				<palette id="0x58da15a0" is-closed="false" preferred-unconstrained-size="240 222" preferred-constrained-size="240 222" current-state="2" is-minimized="false" app-data="#lt;OWLPaletteLeaf name=#quot;Text Macros#quot; id=#quot;64257#quot; minimized=#quot;false#quot; resizeable=#quot;true#quot; NeverShown=#quot;true#quot; detailLevel=#quot;0#quot; closed=#quot;false#quot;>
#lt;/OWLPaletteLeaf>
" host-cached-sizes="false"/>
			</tab-group>
		</tab-pane>
	</dock>
	<dock anchor="none" content="palette toolbar" origin="-4.98208e+14 600" is-closed="true">
		<tab-pane mode="expanded" preferred-iconic-length="0" layout-mode="manual">
			<tab-group active-palette="0x58dbe100" is-closed="false">
				<palette id="0x58dbe100" is-closed="false" preferred-unconstrained-size="240 298" preferred-constrained-size="240 298" current-state="1" is-minimized="false" app-data="#lt;OWLPaletteLeaf name=#quot;Thesaurus#quot; id=#quot;69121#quot; minimized=#quot;false#quot; resizeable=#quot;true#quot; NeverShown=#quot;true#quot; detailLevel=#quot;0#quot; closed=#quot;false#quot;>
#lt;/OWLPaletteLeaf>
" host-cached-sizes="false"/>
			</tab-group>
		</tab-pane>
	</dock>
	<dock anchor="none" content="palette toolbar" origin="-5.4465e+14 600" is-closed="true">
		<tab-pane mode="expanded" preferred-iconic-length="0" layout-mode="manual">
			<tab-group active-palette="0x59b0b1b0" is-closed="false">
				<palette id="0x59b0b1b0" is-closed="false" preferred-unconstrained-size="240 112" preferred-constrained-size="240 112" current-state="2" is-minimized="false" app-data="#lt;OWLPaletteLeaf name=#quot;Layers#quot; id=#quot;18464#quot; minimized=#quot;false#quot; resizeable=#quot;true#quot; NeverShown=#quot;true#quot; detailLevel=#quot;0#quot; listBoxDetailLevel=#quot;0#quot; closed=#quot;false#quot;>
#lt;/OWLPaletteLeaf>
" host-cached-sizes="false"/>
			</tab-group>
		</tab-pane>
	</dock>
	<dock anchor="none" content="palette toolbar" origin="-5.44116e+14 600" is-closed="true">
		<tab-pane mode="expanded" preferred-iconic-length="0" layout-mode="manual">
			<tab-group active-palette="0x59b01620" is-closed="false">
				<palette id="0x59b01620" is-closed="false" preferred-unconstrained-size="240 487" preferred-constrained-size="240 368" current-state="1" is-minimized="false" app-data="#lt;OWLPaletteLeaf name=#quot;#hash;LinksUIPanel#quot; id=#quot;132609#quot; minimized=#quot;false#quot; resizeable=#quot;true#quot; closed=#quot;false#quot;>
#lt;LinksUIPanelOptions rowHeight=#quot;22#quot; secondarySorter=#quot;35940#quot; sorter=#quot;35942#quot; splitterPos=#quot;275#quot; infoPaneHidden=#quot;false#quot; sortAscending=#quot;true#quot; showThumbnail=#quot;true#quot; showInfoThumbnail=#quot;false#quot;>
#lt;LinkInfoColumn infoClass=#quot;35940#quot; columnWidth=#quot;145#quot;>#lt;/LinkInfoColumn>
#lt;LinkInfoColumn infoClass=#quot;35944#quot; columnWidth=#quot;28#quot;>#lt;/LinkInfoColumn>
#lt;LinkInfoColumn infoClass=#quot;35942#quot; columnWidth=#quot;28#quot;>#lt;/LinkInfoColumn>
#lt;MoreLinkInfo infoClass=#quot;35940#quot;>#lt;/MoreLinkInfo>
#lt;MoreLinkInfo infoClass=#quot;35941#quot;>#lt;/MoreLinkInfo>
#lt;MoreLinkInfo infoClass=#quot;35942#quot;>#lt;/MoreLinkInfo>
#lt;MoreLinkInfo infoClass=#quot;35943#quot;>#lt;/MoreLinkInfo>
#lt;MoreLinkInfo infoClass=#quot;35944#quot;>#lt;/MoreLinkInfo>
#lt;MoreLinkInfo infoClass=#quot;35945#quot;>#lt;/MoreLinkInfo>
#lt;MoreLinkInfo infoClass=#quot;35949#quot;>#lt;/MoreLinkInfo>
#lt;MoreLinkInfo infoClass=#quot;35950#quot;>#lt;/MoreLinkInfo>
#lt;MoreLinkInfo infoClass=#quot;35952#quot;>#lt;/MoreLinkInfo>
#lt;MoreLinkInfo infoClass=#quot;35953#quot;>#lt;/MoreLinkInfo>
#lt;MoreLinkInfo infoClass=#quot;35954#quot;>#lt;/MoreLinkInfo>
#lt;MoreLinkInfo infoClass=#quot;35955#quot;>#lt;/MoreLinkInfo>
#lt;MoreLinkInfo infoClass=#quot;35956#quot;>#lt;/MoreLinkInfo>
#lt;MoreLinkInfo infoClass=#quot;35957#quot;>#lt;/MoreLinkInfo>
#lt;MoreLinkInfo infoClass=#quot;35958#quot;>#lt;/MoreLinkInfo>
#lt;MoreLinkInfo infoClass=#quot;35959#quot;>#lt;/MoreLinkInfo>
#lt;MoreLinkInfo infoClass=#quot;35960#quot;>#lt;/MoreLinkInfo>
#lt;MoreLinkInfo infoClass=#quot;35961#quot;>#lt;/MoreLinkInfo>
#lt;MoreLinkInfo infoClass=#quot;35962#quot;>#lt;/MoreLinkInfo>
#lt;MoreLinkInfo infoClass=#quot;35964#quot;>#lt;/MoreLinkInfo>
#lt;MoreLinkInfo infoClass=#quot;35965#quot;>#lt;/MoreLinkInfo>
#lt;MoreLinkInfo infoClass=#quot;35966#quot;>#lt;/MoreLinkInfo>
#lt;MoreLinkInfo infoClass=#quot;35967#quot;>#lt;/MoreLinkInfo>
#lt;MoreLinkInfo infoClass=#quot;35968#quot;>#lt;/MoreLinkInfo>
#lt;MoreLinkInfo infoClass=#quot;35985#quot;>#lt;/MoreLinkInfo>
#lt;MoreLinkInfo infoClass=#quot;35989#quot;>#lt;/MoreLinkInfo>
#lt;MoreLinkInfo infoClass=#quot;35990#quot;>#lt;/MoreLinkInfo>
#lt;MoreLinkInfo infoClass=#quot;35991#quot;>#lt;/MoreLinkInfo>
#lt;MoreLinkInfo infoClass=#quot;35992#quot;>#lt;/MoreLinkInfo>
#lt;MoreLinkInfo infoClass=#quot;35993#quot;>#lt;/MoreLinkInfo>
#lt;MoreLinkInfo infoClass=#quot;88599#quot;>#lt;/MoreLinkInfo>
#lt;MoreLinkInfo infoClass=#quot;88600#quot;>#lt;/MoreLinkInfo>
#lt;/LinksUIPanelOptions>
#lt;/OWLPaletteLeaf>
" host-cached-sizes="false"/>
			</tab-group>
		</tab-pane>
	</dock>
	<dock anchor="none" content="palette toolbar" origin="-5.16711e+14 600" is-closed="true">
		<tab-pane mode="expanded" preferred-iconic-length="0" layout-mode="manual">
			<tab-group active-palette="0x58d67e50" is-closed="false">
				<palette id="0x58d67e50" is-closed="false" preferred-unconstrained-size="343 405" preferred-constrained-size="343 405" current-state="1" is-minimized="false" app-data="#lt;OWLPaletteLeaf name=#quot;GlyphPanelTitle#quot; id=#quot;53519#quot; minimized=#quot;false#quot; resizeable=#quot;true#quot; NeverShown=#quot;true#quot; detailLevel=#quot;1#quot; closed=#quot;false#quot;>
#lt;GlyphPanelOptions gridSize=#quot;32#quot; glyphSortOrder=#quot;UnicodeOrder#quot;>
#lt;/GlyphPanelOptions>
#lt;/OWLPaletteLeaf>
" host-cached-sizes="false"/>
			</tab-group>
		</tab-pane>
	</dock>
	<dock anchor="none" content="palette toolbar" origin="-5.53272e+14 600" is-closed="true">
		<tab-pane mode="expanded" preferred-iconic-length="125" layout-mode="manual">
			<tab-group active-palette="0x599356a0" is-closed="false">
				<palette id="0x599356a0" is-closed="false" preferred-unconstrained-size="240 158" preferred-constrained-size="240 158" current-state="2" is-minimized="false" app-data="#lt;OWLPaletteLeaf name=#quot;Assignments#quot; id=#quot;104961#quot; minimized=#quot;false#quot; resizeable=#quot;true#quot; NeverShown=#quot;true#quot; detailLevel=#quot;0#quot; closed=#quot;false#quot;>
#lt;ControlSet id=#quot;104964#quot; visible=#quot;true#quot;>
#lt;/ControlSet>
#lt;/OWLPaletteLeaf>
" host-cached-sizes="false"/>
			</tab-group>
		</tab-pane>
	</dock>
	<dock anchor="none" content="palette toolbar" origin="-5.12848e+14 600" is-closed="true">
		<tab-pane mode="expanded" preferred-iconic-length="157" layout-mode="manual">
			<tab-group active-palette="0x58dfae40" is-closed="false">
				<palette id="0x58dfae40" is-closed="false" preferred-unconstrained-size="240 180" preferred-constrained-size="240 114" current-state="2" is-minimized="false" app-data="#lt;OWLPaletteLeaf name=#quot;Character Styles#quot; id=#quot;8465#quot; minimized=#quot;false#quot; resizeable=#quot;true#quot; NeverShown=#quot;true#quot; detailLevel=#quot;0#quot; listBoxDetailLevel=#quot;0#quot; closed=#quot;false#quot;>
#lt;ControlSet id=#quot;8474#quot; visible=#quot;true#quot;>
#lt;/ControlSet>
#lt;/OWLPaletteLeaf>
" host-cached-sizes="false"/>
			</tab-group>
		</tab-pane>
	</dock>
	<dock anchor="none" content="palette toolbar" origin="-5.10958e+14 600" is-closed="true">
		<tab-pane mode="expanded" preferred-iconic-length="159" layout-mode="manual">
			<tab-group active-palette="0x58df2020" is-closed="false">
				<palette id="0x58df2020" is-closed="false" preferred-unconstrained-size="240 180" preferred-constrained-size="240 114" current-state="2" is-minimized="false" app-data="#lt;OWLPaletteLeaf name=#quot;Paragraph Styles#quot; id=#quot;8466#quot; minimized=#quot;false#quot; resizeable=#quot;true#quot; NeverShown=#quot;true#quot; detailLevel=#quot;0#quot; listBoxDetailLevel=#quot;0#quot; closed=#quot;false#quot;>
#lt;ControlSet id=#quot;8478#quot; visible=#quot;true#quot;>
#lt;/ControlSet>
#lt;/OWLPaletteLeaf>
" host-cached-sizes="false"/>
			</tab-group>
		</tab-pane>
	</dock>
	<dock anchor="none" content="palette toolbar" origin="-5.30275e+14 600" is-closed="true">
		<tab-pane mode="expanded" preferred-iconic-length="85" layout-mode="manual">
			<tab-group active-palette="0x599e6a90" is-closed="false">
				<palette id="0x599e6a90" is-closed="false"  current-state="1" is-minimized="false" app-data="#lt;OWLPaletteLeaf name=#quot;kTablePanelTitle#quot; id=#quot;67125#quot; minimized=#quot;false#quot; resizeable=#quot;false#quot; NeverShown=#quot;true#quot; detailLevel=#quot;0#quot; closed=#quot;false#quot;>
#lt;ControlSet id=#quot;67304#quot; visible=#quot;true#quot;>
#lt;/ControlSet>
#lt;ControlSet id=#quot;67305#quot; visible=#quot;true#quot;>
#lt;/ControlSet>
#lt;/OWLPaletteLeaf>
" host-cached-sizes="false"/>
			</tab-group>
		</tab-pane>
	</dock>
	<dock anchor="none" content="palette toolbar" origin="-5.30062e+14 600" is-closed="true">
		<tab-pane mode="expanded" preferred-iconic-length="126" layout-mode="manual">
			<tab-group active-palette="0x599c54e0" is-closed="false">
				<palette id="0x599c54e0" is-closed="false" preferred-unconstrained-size="240 180" preferred-constrained-size="240 114" current-state="1" is-minimized="false" app-data="#lt;OWLPaletteLeaf name=#quot;TableStyles#quot; id=#quot;132096#quot; minimized=#quot;false#quot; resizeable=#quot;true#quot; NeverShown=#quot;true#quot; detailLevel=#quot;1#quot; listBoxDetailLevel=#quot;0#quot; closed=#quot;false#quot;>
#lt;/OWLPaletteLeaf>
" host-cached-sizes="false"/>
			</tab-group>
		</tab-pane>
	</dock>
	<dock anchor="none" content="palette toolbar" origin="-5.37381e+14 600" is-closed="true">
		<tab-pane mode="expanded" preferred-iconic-length="117" layout-mode="manual">
			<tab-group active-palette="0x599cd1a0" is-closed="false">
				<palette id="0x599cd1a0" is-closed="false" preferred-unconstrained-size="240 180" preferred-constrained-size="240 114" current-state="1" is-minimized="false" app-data="#lt;OWLPaletteLeaf name=#quot;CellStyles#quot; id=#quot;132112#quot; minimized=#quot;false#quot; resizeable=#quot;true#quot; NeverShown=#quot;true#quot; detailLevel=#quot;1#quot; listBoxDetailLevel=#quot;0#quot; closed=#quot;false#quot;>
#lt;/OWLPaletteLeaf>
" host-cached-sizes="false"/>
			</tab-group>
		</tab-pane>
	</dock>
	<dock anchor="none" content="palette toolbar" origin="-5.11852e+14 600" is-closed="true">
		<tab-pane mode="expanded" preferred-iconic-length="117" layout-mode="manual">
			<tab-group active-palette="0x59b22160" is-closed="false">
				<palette id="0x59b22160" is-closed="false" preferred-unconstrained-size="240 296" preferred-constrained-size="240 296" current-state="1" is-minimized="false" app-data="#lt;OWLPaletteLeaf name=#quot;Hyperlinks#quot; id=#quot;79361#quot; minimized=#quot;false#quot; resizeable=#quot;true#quot; NeverShown=#quot;true#quot; detailLevel=#quot;1#quot; listBoxDetailLevel=#quot;0#quot; closed=#quot;false#quot;>
#lt;/OWLPaletteLeaf>
" host-cached-sizes="false"/>
			</tab-group>
		</tab-pane>
	</dock>
	<dock anchor="none" content="palette toolbar" origin="-5.28087e+14 600" is-closed="true">
		<tab-pane mode="expanded" preferred-iconic-length="157" layout-mode="manual">
			<tab-group active-palette="0x5998b1b0" is-closed="false">
				<palette id="0x5998b1b0" is-closed="false" preferred-unconstrained-size="240 266" preferred-constrained-size="240 266" current-state="1" is-minimized="false" app-data="#lt;OWLPaletteLeaf name=#quot;#hash;CondTextUI_PanelName#quot; id=#quot;133121#quot; minimized=#quot;false#quot; resizeable=#quot;true#quot; NeverShown=#quot;true#quot; detailLevel=#quot;0#quot; closed=#quot;false#quot;>
#lt;/OWLPaletteLeaf>
" host-cached-sizes="false"/>
			</tab-group>
		</tab-pane>
	</dock>
</workspace>
]]>
</OWLWorkspaceBookmark>
</PaletteWorkspace>
<menu-set platform="mac" file-version="1" application-version="6.0" build-number="265" name="InCopy Defaults" is-preset="true">
</menu-set>
</user-workspace>
