{
"734710B4-FFE8-49A7-8F83-CA85B7A3EC78_name":"Bouncing Ball",
"734710B4-FFE8-49A7-8F83-CA85B7A3EC78_title":"Create a bouncing ball animation",
"734710B4-FFE8-49A7-8F83-CA85B7A3EC78_description":"Learn the basics of frame-by-frame animation.",

"2033f26e-077e-4b95-8ae7-5faf3c7f2142_name":"Dancing Flames",
"2033f26e-077e-4b95-8ae7-5faf3c7f2142_title":"Create a dancing fire animation",
"2033f26e-077e-4b95-8ae7-5faf3c7f2142_description":"Learn the basics of Keyframe animation.",

"4b40f970-9a97-11ea-8041-b9720091667f_name":"Walk Animation - Frame Effects (2/2)",
"4b40f970-9a97-11ea-8041-b9720091667f_title":"Walk Animation - Frame Effects (2/2)",
"4b40f970-9a97-11ea-8041-b9720091667f_description":"Add a glowing moon to the animation",

"65edeaa0-9c02-11ea-b26f-edc35c4dea86_name":"Walk Animation - Assemble (1/2)",
"65edeaa0-9c02-11ea-b26f-edc35c4dea86_title":"Walk Animation - Assemble (1/2)",
"65edeaa0-9c02-11ea-b26f-edc35c4dea86_description":"Assemble a quick walk animation",


"b8a3b480-b6df-11ea-895d-3b6ecbb6f945_name":"Digital Sign",
"b8a3b480-b6df-11ea-895d-3b6ecbb6f945_title":"Digital Sign",
"b8a3b480-b6df-11ea-895d-3b6ecbb6f945_description":"Learn about align options, symbols and frame effects",


"ce97d5d0-c401-11ea-99b3-019d8f4ddb88_name":"Animating a Windmill",
"ce97d5d0-c401-11ea-99b3-019d8f4ddb88_title":"Animating a Windmill",
"ce97d5d0-c401-11ea-99b3-019d8f4ddb88_description":"Learn the basics of tweening and sharing on social media ",


"e8fa2040-c81b-11ea-862e-9ffb97786da0_name":"Amusement Park Swing",
"e8fa2040-c81b-11ea-862e-9ffb97786da0_title":"Amusement Park Swing",
"e8fa2040-c81b-11ea-862e-9ffb97786da0_description":"Learn the basics of tweening and easing",


"24521e00-cb13-11ea-b352-53dd530ad68b_name":"Animating a Doll",
"24521e00-cb13-11ea-b352-53dd530ad68b_title":"Animating a Doll",
"24521e00-cb13-11ea-b352-53dd530ad68b_description":"Learn the basics of layer parenting and transformations",


"38361250-c8f2-11ea-87d0-5db9b73330eb_name":"Animating a Boat",
"38361250-c8f2-11ea-87d0-5db9b73330eb_title":"Animating a Boat",
"38361250-c8f2-11ea-87d0-5db9b73330eb_description":"Learn the basics of classic tween animation",


"d91eb9b0-cc9e-11ea-81b0-2f1dfe3ad9ee_name":"Rotating the Earth",
"d91eb9b0-cc9e-11ea-81b0-2f1dfe3ad9ee_title":"Rotating the Earth",
"d91eb9b0-cc9e-11ea-81b0-2f1dfe3ad9ee_description":"Learn the basics of tweening and masking",

"2729a130-f295-11ea-81ae-f336446799c7_name":"Pig Run",
"2729a130-f295-11ea-81ae-f336446799c7_title":"Pig Run",
"2729a130-f295-11ea-81ae-f336446799c7_description":"Assemble a quick animation using Assets panel",

"bdfa1030-f714-11ea-b64f-c3333b411e6e_name":"Icon Animation",
"bdfa1030-f714-11ea-b64f-c3333b411e6e_title":"Icon Animation",
"bdfa1030-f714-11ea-b64f-c3333b411e6e_description":"Learn to animate an icon",

"f9acc960-fc82-11ea-ae47-6728ca6bb7f3_name":"Farmer Walk Cycle",
"f9acc960-fc82-11ea-ae47-6728ca6bb7f3_title":"Farmer Walk Cycle",
"f9acc960-fc82-11ea-ae47-6728ca6bb7f3_description":"Learn to assemble a quick walk cycle",

"d550bbe0-fe9d-11ea-8ede-1d93180c9e38_name":"Hello Kid",
"d550bbe0-fe9d-11ea-8ede-1d93180c9e38_title":"Hello Kid",
"d550bbe0-fe9d-11ea-8ede-1d93180c9e38_description":"Learn to animate a hand wave through pose setting",

"b9696080-fe93-11ea-bae8-b325f393fd93_name":"Pig Run - Part 2",
"b9696080-fe93-11ea-bae8-b325f393fd93_title":"Pig Run - Part 2",
"b9696080-fe93-11ea-bae8-b325f393fd93_description":"Learn to add motion using tween",

"181bc770-07b9-11eb-9d9d-491f8e788e32_name":"Rocket Launch - Interactive",
"181bc770-07b9-11eb-9d9d-491f8e788e32_title":"Rocket Launch - Interactive",
"181bc770-07b9-11eb-9d9d-491f8e788e32_description":"Learn to add interactivity to HTML5 Canvas Animation"
}	