{"name":"Animated Jellyfish","title":"Animated Jellyfish","description":"","card1title":"Animated Jellyfish","card1Description":"In this tutorial, we will create an animated Jellyfish as shown in the video above","card1StepInfo":"","card1PosAction":"Next","card1NegAction":"Previous","card2title":"Setup the Jellyfish Rig","card2Description":"Select the 'Asset Warp' tool and create the rig as shown in the video","card2StepInfo":"1 of 12","card2PosAction":"Next","card2NegAction":"Previous","card2Node":"PanelID_273$$-1/0/OS_ViewContainer,0/1/UI_ScrollView,0/1/UI_ScrollTransformView,0/1/UI_SubView,0/1/ToolPanelRoot,0/1/ToolsContainer,0/1/33125","card3title":"Complete the rig","card3Description":"Click outside to deselect, then click on the root node and create the rig as shown. Repeat the step for all of Jellyfish tentacles","card3StepInfo":"2 of 12","card3PosAction":"Next","card3NegAction":"Previous","card3Node":"PanelID_273$$-1/0/OS_ViewContainer,0/1/UI_ScrollView,0/1/UI_ScrollTransformView,0/1/UI_SubView,0/1/ToolPanelRoot,0/1/ToolsContainer,0/1/33125","card4title":"Convert the bone type of tentacles to Soft","card4Description":"Select one of the tentacle bone. Now go to Properties > Object and change the Bone Type to 'Soft'.  Repeat this step for all the tentacles","card4StepInfo":"3 of 12","card4PosAction":"Next","card4NegAction":"Previous","card4Node":"PanelID_268$$-1/0/OS_ViewContainer,0/1/UI_ScrollView,0/1/UI_ScrollTransformView,0/1/UI_SubView,0/1/UI_SubView,0/1/UI_SubView,0/1/UI_TabViewContainer,1/1/UI_TabView,2/1/UI_ScrollView,0/1/UI_ScrollTransformView,0/1/UI_SubView,0/1/an::UI_ArrangeablePlacardView,0/1/piDocumentProperties","card5title":"Move Jellyfish to initial position, below the stage","card5Description":"Set the Stage size to 50%. Select the 'Free Transform' tool. Now click on the Jellyfish and drag it below the stage as shown","card5StepInfo":"4 of 12","card5PosAction":"Next","card5NegAction":"Previous","card5Node":"PanelID_273$$-1/0/OS_ViewContainer,0/1/UI_ScrollView,0/1/UI_ScrollTransformView,0/1/UI_SubView,0/1/ToolPanelRoot,0/1/ToolsContainer,0/1/33507","card6title":"Move Jellyfish to the Stage ","card6Description":"Click on 35th frame of 'jellyfish' layer. Then click on 'Insert Keyframe' button on the timeline. Now select the jellyfish and drag it onto the stage as shown","card6StepInfo":"5 of 12","card6PosAction":"Next","card6NegAction":"Previous","card6Node":"PanelID_273$$-1/0/OS_ViewContainer,0/1/UI_ScrollView,0/1/UI_ScrollTransformView,0/1/UI_SubView,0/1/ToolPanelRoot,0/1/ToolsContainer,0/1/33507","card7title":"Convert tentacle end points to fixed pins","card7Description":"1. Click on 50th frame of 'jellyfish' layer and then click on 'Insert Keyframe' button\n\n2. Set the stage area to 100% and select 'Asset Warp' tool for bones to appear\n\n3. Now select the node at the end of a tentacle. Then go to Properties > Object and enable the 'Freeze Joint'.  Repeat the step for all tentacle end points\n\n4. Now deform the jellyfish as shown","card7StepInfo":"6 of 12","card7PosAction":"Next","card7NegAction":"Previous","card7Node":"PanelID_273$$-1/0/OS_ViewContainer,0/1/UI_ScrollView,0/1/UI_ScrollTransformView,0/1/UI_SubView,0/1/ToolPanelRoot,0/1/ToolsContainer,0/1/33125","card8title":"Create a new pose","card8Description":"1. Click on 70th frame of 'jellyfish' layer and then click on 'Insert Keyframe' button. Now select the root bone of the jellyfish and stretch it as shown\n\n2. Click on node at the end of each tentacle and then disable the 'Freeze joint' by turning it off","card8StepInfo":"7 of 12","card8PosAction":"Next","card8NegAction":"Previous","card8Node":"PanelID_273$$-1/0/OS_ViewContainer,0/1/UI_ScrollView,0/1/UI_ScrollTransformView,0/1/UI_SubView,0/1/ToolPanelRoot,0/1/ToolsContainer,0/1/33125","card9title":"Jellyfish ready to propel","card9Description":"Select bone of each tentacle and bring it closer to the centre as shown. This gives the feel of jellyfish being ready to propel","card9StepInfo":"8 of 12","card9PosAction":"Next","card9NegAction":"Previous","card9Node":"PanelID_273$$-1/0/OS_ViewContainer,0/1/UI_ScrollView,0/1/UI_ScrollTransformView,0/1/UI_SubView,0/1/ToolPanelRoot,0/1/ToolsContainer,0/1/33125","card10title":"Jellyfish exits the stage","card10Description":"Go to 160th frame of the 'jellyfish' layer and click on ‘Insert Keyframe’ button. Select the 'Free Transform' tool > Resize the stage size to 50% > Click and drag the jellyfish outside the stage as shown","card10StepInfo":"9 of 12","card10PosAction":"Next","card10NegAction":"Previous","card10Node":"PanelID_273$$-1/0/OS_ViewContainer,0/1/UI_ScrollView,0/1/UI_ScrollTransformView,0/1/UI_SubView,0/1/ToolPanelRoot,0/1/ToolsContainer,0/1/33507","card11title":"Add Tweening","card11Description":"Click on any frame in the first span. Then press SHIFT key and select any frame in the last span across frame 70 as shown. Now click on the 'Create Classic Tween' button. \nYour animation is now ready!","card11StepInfo":"10 of 12","card11PosAction":"Next","card11NegAction":"Previous","card11Node":"PanelID_266$$-1/0/OS_ViewContainer,0/1/UI_ScrollView,0/1/UI_ScrollTransformView,0/1/UI_SubView,0/1/TimelinePanelRoot,0/1/TrackControl,0/1/TimelineHeader,0/1/HeaderRightControls,0/1/StatusWindow,0/1/UI_TIMELINE_STATUS_WINDOW,0/1/6773644e-4e67-4cc9-be5d-a27228bc865c,0/1/PICTURE_BUTTON_CREATECLASSICTWEEN","card12title":"Test your animation","card12Description":"Click on 'Test Movie' button to see your animation","card12StepInfo":"11 of 12","card12PosAction":"Next","card12NegAction":"Previous","card12Node":"PanelID_508$$-1/0/OS_ViewContainer,0/1/UI_ScrollView,0/1/UI_ScrollTransformView,0/1/UI_SubView,0/1/appHeaderCommandsPanel,0/1/UI_AppHeader_Play","card13title":"Share on Twitter","card13Description":"Click on 'Quick share and publish' button and select Social share > Twitter to share it with your friends","card13StepInfo":"12 of 12","card13PosAction":"End","card13NegAction":"Previous","card13Node":"%DocName$$-1/0/OS_ViewContainer,0/1/UI_ScrollView,0/1/UI_ScrollTransformView,0/1/UI_SubView,4/1/UI_SubView,0/1/UI_ControlsContainer,0/1/UI_ScrollTransformView,0/1/UI_SubView,0/1/parentSubview,0/1/CenterStageButton"}