<?xml version="1.0" encoding="UTF-8" standalone="yes"?>
<Query>
<Header>
<Version major="5" minor="1">
</Version>
<Application value="Adobe InDesign">
</Application>
<QueryType value="Text" qid="0">
</QueryType>
</Header>
<Description>
<FindString value="^&quot;">
</FindString>
<ReplaceString value="&quot;">
</ReplaceString>
<Scope value="3">
</Scope>
<FindChangeOptions>
<IncludeLockedLayers value="0">
</IncludeLockedLayers>
<IncludeLockedStories value="0">
</IncludeLockedStories>
<IncludeMasterPages value="0">
</IncludeMasterPages>
<IncludeHiddenLayers value="0">
</IncludeHiddenLayers>
<IncludeFootnotes value="1">
</IncludeFootnotes>
<CaseSensitive value="0">
</CaseSensitive>
<EntireWord value="0">
</EntireWord>
<KanaSensitive value="0">
</KanaSensitive>
<WidthSensitive value="1">
</WidthSensitive>
</FindChangeOptions>
<FindFormatSettings>
</FindFormatSettings>
<ReplaceFormatSettings>
</ReplaceFormatSettings>
</Description>
</Query>
