{"name":"Boat Ride","title":"Boat Ride","description":"","card1title":"Introduction","card1Description":"In this tutorial, we will create a quick boat ride animation.  The boat will start from the bottom of the stage and travel across to the other side.","card1StepInfo":"","card1PosAction":"Start","card1NegAction":"Previous","card2title":"Lock the Background layer","card2Description":"Let's start with locking the layers that we don't want to change.  In this case, let's lock the 'Background'  layer that contains everything but the Boat.","card2StepInfo":"1 of 5","card2PosAction":"Next","card2NegAction":"Previous","card2Node":"PanelID_266$$-1/0/OS_ViewContainer,0/1/UI_ScrollView,0/1/UI_ScrollTransformView,0/1/UI_SubView,0/1/TimelinePanelRoot,0/1/TrackControl,0/1/TimelineHeader,0/1/HeaderLeftControls,0/1/TimelineDisplayModeButton","card3title":"Create Graphic symbol","card3Description":"The first step in creating a tween based animation is to convert all relevant objects to symbols.  \nSelect the boat near the bottom-right of the stage and goto 'Properties' panel -> 'Object' tab -> Click on 'Convert to symbol' icon. Name it as 'Boat' and set the 'Type' as 'Graphic'.","card3StepInfo":"2 of 5","card3PosAction":"Next","card3NegAction":"Previous","card3Node":"PanelID_273$$-1/0/OS_ViewContainer,0/1/UI_ScrollView,0/1/UI_ScrollTransformView,0/1/UI_SubView,0/1/ToolPanelRoot,0/1/ToolsContainer,0/1/33507","card4title":"Resize and Position the boat","card4Description":"Let's resize the boat. Goto ‘Properties’ panel -> ‘Object’ tab -> ‘Position and Size’ section and click the lock icon to lock the width and height values together then set width ‘W’ to 50.   \nNow move the boat below the stage area as shown in the above video","card4StepInfo":"3 of 5","card4PosAction":"Next","card4NegAction":"Previous","card4Node":"PanelID_273$$-1/0/OS_ViewContainer,0/1/UI_ScrollView,0/1/UI_ScrollTransformView,0/1/UI_SubView,0/1/ToolPanelRoot,0/1/ToolsContainer,0/1/33507","card5title":"Extend the Timeline and Reposition The Boat","card5Description":"Scroll the timeline towards right till you see frame 500. Click on frame 500 of Ship layer and hold down Shift key then click on frame 500 of Background layer. Click 'Insert Auto keyframe' icon in the timeline. Now move the boat towards top-right edge of the stage as shown in the video.","card5StepInfo":"4 of 5","card5PosAction":"Next","card5NegAction":"Previous","card5Node":"PanelID_266$$-1/0/OS_ViewContainer,0/1/UI_ScrollView,0/1/UI_ScrollTransformView,0/1/UI_SubView,0/1/TimelinePanelRoot,0/1/TrackControl,0/1/TimelineHeader,0/1/HeaderLeftControls,0/1/TimelineDisplayModeButton","card6title":"Create Classic Tween","card6Description":"Click anywhere on the boat layer (frame 1 - 500) and click 'Create Classic Tween' button.  \nView the Animation by clicking on 'Test Movie' icon on the top-right of application window.","card6StepInfo":"5 of 5","card6PosAction":"Next","card6NegAction":"Previous","card6Node":"PanelID_266$$-1/0/OS_ViewContainer,0/1/UI_ScrollView,0/1/UI_ScrollTransformView,0/1/UI_SubView,0/1/TimelinePanelRoot,0/1/TrackControl,0/1/TimelineHeader,0/1/HeaderRightControls,0/1/StatusWindow,0/1/OnionSkinControls,0/1/TimelineTween","card7title":"Share on Social Media","card7Description":"Share your animation on social media as shown in the video.","card7StepInfo":"","card7PosAction":"Next","card7NegAction":"Previous","card7Node":"%DocName$$-1/0/OS_ViewContainer,0/1/UI_ScrollView,0/1/UI_ScrollTransformView,0/1/UI_SubView,4/1/UI_SubView,0/1/UI_ControlsContainer,0/1/UI_ScrollTransformView,0/1/UI_SubView,0/1/parentSubview,0/1/StageClipperButton","card8title":"Congratulations!","card8Description":"Congratulations on completing this tutorial!  You learnt the basics of animation including Frames, Keyframes, Graphic symbol, Classic Tween and much more..... Keep going!","card8StepInfo":"","card8PosAction":"End","card8NegAction":"Previous"}