{
  "name" : "Cigüeña llevando un bebé",
  "title" : "Cigüeña llevando un bebé",
  "description" : "",
  "card1title" : "Cigüeña llevando un bebé",
  "card1Description" : "Esta es la animación que crearemos en este tutorial.",
  "card1StepInfo" : "",
  "card1PosAction" : "Siguiente",
  "card1NegAction" : "Anterior",
  "card2title" : "Configurar el rig",
  "card2Description" : "Seleccione la herramienta de deformación de recursos. Asegúrese de estar en el primer fotograma de la cronología. Cree un rig como se muestra en el vídeo. (Para anular la selección, haga clic en cualquier lugar fuera de la malla).",
  "card2StepInfo" : "1 de 7",
  "card2PosAction" : "Siguiente",
  "card2NegAction" : "Anterior",
  "card2Node" : "PanelID_273$$-1/0/OS_ViewContainer,0/1/UI_ScrollView,0/1/UI_ScrollTransformView,0/1/UI_SubView,0/1/ToolPanelRoot,0/1/ToolsContainer,0/1/33125",
  "card3title" : "Configurar el último fotograma",
  "card3Description" : "Haga clic en el último fotograma. Ahora haga clic en Insertar fotograma clave.",
  "card3StepInfo" : "2 de 7",
  "card3PosAction" : "Siguiente",
  "card3NegAction" : "Anterior",
  "card3Node" : "PanelID_266$$-1/0/OS_ViewContainer,0/1/UI_ScrollView,0/1/UI_ScrollTransformView,0/1/UI_SubView,0/1/TimelinePanelRoot,0/1/TrackControl,0/1/TimelineHeader,0/1/HeaderRightControls,0/1/StatusWindow,0/1/UI_TIMELINE_STATUS_WINDOW,0/1/0e8279a8-c053-4e89-996e-d13e7c36c979,0/1/PICTURE_BUTTON_INSERTKEYFRAME",
  "card4title" : "Modificar pose intermedia",
  "card4Description" : "Haga clic en el fotograma 15. Ahora modifique el rig como se muestra en el vídeo. Asegúrese de haber seleccionado la herramienta de deformación de recursos.",
  "card4StepInfo" : "3 de 7",
  "card4PosAction" : "Siguiente",
  "card4NegAction" : "Anterior",
  "card4Node" : "PanelID_508$$-1/0/OS_ViewContainer,0/1/UI_ScrollView,0/1/UI_ScrollTransformView,0/1/UI_SubView,0/1/appHeaderCommandsPanel,0/1/UI_AppHeader_Play",
  "card5title" : "Configurar la interpolación",
  "card5Description" : "Seleccione cualquier fotograma del primer grupo. Pulse Mayús y seleccione cualquier fotograma del segundo grupo. Ahora haga clic en Insertar interpolación clásica.  ",
  "card5StepInfo" : "4 de 7",
  "card5PosAction" : "Siguiente",
  "card5NegAction" : "Anterior",
  "card5Node" : "PanelID_266$$-1/0/OS_ViewContainer,0/1/UI_ScrollView,0/1/UI_ScrollTransformView,0/1/UI_SubView,0/1/TimelinePanelRoot,0/1/TrackControl,0/1/TimelineHeader,0/1/HeaderRightControls,0/1/StatusWindow,0/1/UI_TIMELINE_STATUS_WINDOW,0/1/82fd600b-9460-4d99-9d7f-d295c6da9769,0/1/PICTURE_BUTTON_CREATECLASSICTWEEN",
  "card6title" : "Animar el fondo",
  "card6Description" : "Bloquee la capa de la cigüeña y desbloquee la capa Layer_1. Asegúrese de que está en el primer fotograma. Expanda la vista a Mostrar todo. Haga clic en el último fotograma. Asegúrese de usar la herramienta Selección. A continuación, mueva la imagen de fondo como se muestra en el vídeo. Haga clic en cualquier parte del grupo y en Crear interpolación clásica.",
  "card6StepInfo" : "5 de 7",
  "card6PosAction" : "Siguiente",
  "card6NegAction" : "Anterior",
  "card6Node" : "PanelID_508$$-1/0/OS_ViewContainer,0/1/UI_ScrollView,0/1/UI_ScrollTransformView,0/1/UI_SubView,0/1/appHeaderCommandsPanel,0/1/UI_AppHeader_Play",
  "card7title" : "Probar las animaciones",
  "card7Description" : "Haga clic en Probar película para ver la animación.",
  "card7StepInfo" : "6 de 7",
  "card7PosAction" : "Siguiente",
  "card7NegAction" : "Anterior",
  "card7Node" : "PanelID_508$$-1/0/OS_ViewContainer,0/1/UI_ScrollView,0/1/UI_ScrollTransformView,0/1/UI_SubView,0/1/appHeaderCommandsPanel,0/1/UI_AppHeader_Play",
  "card8title" : "Compartir la animación en Twitter",
  "card8Description" : "Haga clic en Compartir y comparta la animación con sus amigos y familiares en Twitter.",
  "card8StepInfo" : "7 de 7",
  "card8PosAction" : "Fin",
  "card8NegAction" : "Anterior",
  "card8Node" : "PanelID_508$$-1/0/OS_ViewContainer,0/1/UI_ScrollView,0/1/UI_ScrollTransformView,0/1/UI_SubView,0/1/appHeaderCommandsPanel,0/1/UI_QuickExport_Button"
}