{
"name":"Bouncing Ball",
"title":"Animating ball bounce",
"description":"In 12 easy steps, let's learn the basics of Animate and create a bouncing ball. Watch the video to learn essentials before getting started.",

"card1title":"Draw a circle",
"card1Description":"Use 'Oval tool' to draw a circle on top of your stage as shown in the video. Use Shift key for a perfect circle.",
"card1StepInfo":"1 of 11",
"card1PosAction":"Next",
"card1NegAction":"",
"card1Node":"PanelID_273$$-1/0/OS_ViewContainer,0/1/UI_ScrollView,0/1/UI_ScrollTransformView,0/1/UI_SubView,0/1/ToolPanelRoot,0/1/ToolsContainer,0/1/33323",

"card2title":"This is 'Timeline'",
"card2Description":"In the next steps, let's try making animation by inserting keyframes in the ‘Timeline’.",
"card2StepInfo":" ",
"card2PosAction":"Got it!",
"card2NegAction":"",
"card2Node":"PanelID_266$$-1/0/OS_ViewContainer,0/1/UI_ScrollView,0/1/UI_ScrollTransformView,0/1/UI_SubView,0/1/TimelinePanelRoot,0/1/TrackControl,0/1/TimelineHeader,0/1/HeaderRightControls,0/1/FramePositionControls,0/1/FPSNumLabel",

"card3title":"Insert ‘Keyframe’ & move ball",
"card3Description":"Inserting a new keyframe replicates the last frame in the timeline. Use the selection tool to move the ball as shown.",
"card3StepInfo":"2 of 11",
"card3PosAction":"Next",
"card3NegAction":"Back",
"card3Node":"PanelID_266$$-1/0/OS_ViewContainer,0/1/UI_ScrollView,0/1/UI_ScrollTransformView,0/1/UI_SubView,0/1/TimelinePanelRoot,0/1/TrackControl,0/1/TimelineHeader,0/1/HeaderRightControls,0/1/StatusWindow,0/1/FrameControls,0/1/KeyframeButton",

"card4title":"Referring previous frames",
"card4Description":"Enable ‘Onion skin’ to refer to previous frames for displacement change.",
"card4StepInfo":"3 of 11",
"card4PosAction":"Next",
"card4NegAction":"Back",
"card4Node":"PanelID_266$$-1/0/OS_ViewContainer,0/1/UI_ScrollView,0/1/UI_ScrollTransformView,0/1/UI_SubView,0/1/TimelinePanelRoot,0/1/TrackControl,0/1/TimelineHeader,0/1/HeaderRightControls,0/1/StatusWindow,0/1/OnionSkinControls,0/1/TimelineOnionSkin",

"card5title":"Continue animating…",
"card5Description":"Great! Keep inserting keyframes and moving the ball down until it reaches the bottom of the stage.",
"card5StepInfo":"4 of 11",
"card5PosAction":"Next",
"card5NegAction":"Back",
"card5Node":"PanelID_266$$-1/0/OS_ViewContainer,0/1/UI_ScrollView,0/1/UI_ScrollTransformView,0/1/UI_SubView,0/1/TimelinePanelRoot,0/1/TrackControl,0/1/TimelineHeader,0/1/HeaderRightControls,0/1/ZoomControls,0/1/TimelineCellMode",

"card6title":"Play basic animation",
"card6Description":"Let’s play what you have created. Click on play icon.",
"card6StepInfo":"5 of 11",
"card6PosAction":"Next",
"card6NegAction":"Back",
"card6Node":"PanelID_266$$-1/0/OS_ViewContainer,0/1/UI_ScrollView,0/1/UI_ScrollTransformView,0/1/UI_SubView,0/1/TimelinePanelRoot,0/1/TrackControl,0/1/TimelineHeader,0/1/HeaderRightControls,0/1/StatusWindow,0/1/PlaybackControl,0/1/PlayButton",

"card7title":"Squash and stretch",
"card7Description":"Let's apply the ‘squash and stretch’ principle to our animation in the next steps. ",
"card7StepInfo":" ",
"card7PosAction":"Got it!",
"card7NegAction":"",
"card7Node":"%DocName$$-1/0/OS_ViewContainer,0/1/UI_ScrollView,0/1/UI_ScrollTransformView,0/1/UI_SubView,4/1/UI_SubView,0/1/UI_ControlsContainer,0/1/UI_ScrollTransformView,0/1/UI_SubView,0/1/parentSubview,0/1/UI_Hidden_Coachmark_Anchor",

"card8title":"Applying squash & stretch",
"card8Description":"Select the last frame & squash the ball then select the previous frame & stretch the ball.",
"card8StepInfo":"6 of 11",
"card8PosAction":"Next",
"card8NegAction":"Back",
"card8Node":"PanelID_266$$-1/0/OS_ViewContainer,0/1/UI_ScrollView,0/1/UI_ScrollTransformView,0/1/UI_SubView,0/1/TimelinePanelRoot,0/1/TrackControl,0/1/TimelineHeader,0/1/HeaderRightControls,0/1/ZoomControls,0/1/TimelineCellMode",

"card9title":"Bounce back animation",
"card9Description":"In the next steps, let's try reversing frames you have created, to bounce back the ball.",
"card9StepInfo":" ",
"card9PosAction":"Got it!",
"card9NegAction":"",
"card9Node":"%DocName$$-1/0/OS_ViewContainer,0/1/UI_ScrollView,0/1/UI_ScrollTransformView,0/1/UI_SubView,4/1/UI_SubView,0/1/UI_ControlsContainer,0/1/UI_ScrollTransformView,0/1/UI_SubView,0/1/parentSubview,0/1/UI_Hidden_Coachmark_Anchor",

"card10title":"Reversing all frames",
"card10Description":"1. Right Click > Select all Frames 2. Right Click > Copy Frames 3. Right Click > Reverse Frames",
"card10StepInfo":"7 of 11",
"card10PosAction":"Next",
"card10NegAction":"Back",
"card10Node":"PanelID_266$$-1/0/OS_ViewContainer,0/1/UI_ScrollView,0/1/UI_ScrollTransformView,0/1/UI_SubView,0/1/TimelinePanelRoot,0/1/TrackControl,0/1/TimelineHeader,0/1/HeaderRightControls,0/1/ZoomControls,0/1/TimelineCellMode",

"card11title":"Paste on first frame",
"card11Description":"Select first frame then Right click > Paste frames",
"card11StepInfo":"8 of 11",
"card11PosAction":"Next",
"card11NegAction":"Back",
"card11Node":"PanelID_266$$-1/0/OS_ViewContainer,0/1/UI_ScrollView,0/1/UI_ScrollTransformView,0/1/UI_SubView,0/1/TimelinePanelRoot,0/1/TrackControl,0/1/LayerHeader,0/1/LayerHeaderLeftControls,0/1/TimelineNewLayer",

"card12title":"Preview your animation",
"card12Description":"Animation is ready! click here to preview.",
"card12StepInfo":"9 of 11",
"card12PosAction":"Next",
"card12NegAction":"Back",
"card12Node":"PanelID_508$$-1/0/OS_ViewContainer,0/1/UI_ScrollView,0/1/UI_ScrollTransformView,0/1/UI_SubView,0/1/appHeaderCommandsPanel,0/1/UI_AppHeader_Play",

"card13title":"Save File",
"card13Description":"Great animation!! It's good to save your file. File > Save.",
"card13StepInfo":"10 of 11",
"card13PosAction":"Next",
"card13NegAction":"Back",
"card13Node":"%DocName$$-1/0/OS_ViewContainer,0/1/UI_ScrollView,0/1/UI_ScrollTransformView,0/1/UI_SubView,4/1/UI_SubView,0/1/UI_ControlsContainer,0/1/UI_ScrollTransformView,0/1/UI_SubView,0/1/parentSubview,0/1/UI_Hidden_Coachmark_Anchor",

"card14title":"Export GIF",
"card14Description":"Export GIF to share it in social media. File > Export > Export Animated GIF…",
"card14StepInfo":"11 of 11",
"card14PosAction":"End",
"card14NegAction":"Back",
"card14Node":"%DocName$$-1/0/OS_ViewContainer,0/1/UI_ScrollView,0/1/UI_ScrollTransformView,0/1/UI_SubView,4/1/UI_SubView,0/1/UI_ControlsContainer,0/1/UI_ScrollTransformView,0/1/UI_SubView,0/1/parentSubview,0/1/UI_Hidden_Coachmark_Anchor",

"card15title":"Congrats Animator!",
"card15Description":"Hope you have enjoyed creating a bouncing ball animation. Explore more from Help > Hands-on Tutorial.",
"card15StepInfo":" ",
"card15PosAction":"Exit",
"card15NegAction":"",
"card15Node":"%DocName$$-1/0/OS_ViewContainer,0/1/UI_ScrollView,0/1/UI_ScrollTransformView,0/1/UI_SubView,4/1/UI_SubView,0/1/UI_ControlsContainer,0/1/UI_ScrollTransformView,0/1/UI_SubView,0/1/parentSubview,0/1/UI_Hidden_Coachmark_Anchor"
}