{
  "734710B4-FFE8-49A7-8F83-CA85B7A3EC78_name" : "Pelota saltarina",
  "734710B4-FFE8-49A7-8F83-CA85B7A3EC78_title" : "Crear animación: rebote de pelota",
  "734710B4-FFE8-49A7-8F83-CA85B7A3EC78_description" : "Aprenda los conceptos básicos de la animación fotograma a fotograma.",
  "2033f26e-077e-4b95-8ae7-5faf3c7f2142_name" : "Llamas bailando",
  "2033f26e-077e-4b95-8ae7-5faf3c7f2142_title" : "Crear una animación de llamas en movimiento",
  "2033f26e-077e-4b95-8ae7-5faf3c7f2142_description" : "Aprenda los conceptos básicos de la animación de fotogramas clave.",
  "4b40f970-9a97-11ea-8041-b9720091667f_name" : "Animación de caminata: Efectos de fotogramas (2/2)",
  "4b40f970-9a97-11ea-8041-b9720091667f_title" : "Animación de caminata: Efectos de fotogramas (2/2)",
  "4b40f970-9a97-11ea-8041-b9720091667f_description" : "Añada una luna brillante a la animación de caminata",
  "65edeaa0-9c02-11ea-b26f-edc35c4dea86_name" : "Animación de caminata: Montar (1/2)",
  "65edeaa0-9c02-11ea-b26f-edc35c4dea86_title" : "Animación de caminata: Montar (1/2)",
  "65edeaa0-9c02-11ea-b26f-edc35c4dea86_description" : "Montar una animación de caminata rápida"
}