{
  "name" : "Animación de peces",
  "title" : "Animación de peces",
  "description" : "",
  "card1title" : "Le damos la bienvenida",
  "card1Description" : "Le damos la bienvenida a este tutorial en el que aprenderemos a utilizar la función de asociación de capas de Animate. \n\nCrearemos una animación que muestra un montón de peces en un acuario. Usaremos la asociación de capas para conectar las aletas de los peces con los cuerpos y también para crear un banco de peces, de manera que todos se muevan a la vez.",
  "card1StepInfo" : "",
  "card1PosAction" : "Siguiente",
  "card1NegAction" : "Anterior",
  "card2title" : "Crear fondo de acuario",
  "card2Description" : "1. Arrastre el activo Aquarium_Bg de la sección Animados y suéltelo en el panel Activos en el escenario.\n\n2. Haga clic en la pestaña Propiedades y, a continuación, en Doc.\n\n3. Haga clic en el botón Hacer coincidir contenido.\n\n4. Establezca el modo de visualización del escenario en Encajar en ventana, en la lista desplegable de la parte superior derecha.\n\n5. A continuación, vuelva a la pestaña Activos.",
  "card2StepInfo" : "1 de 11",
  "card2PosAction" : "Siguiente",
  "card2NegAction" : "Anterior",
  "card2Node" : "PanelID_601$$-1/0/OS_ViewContainer,0/1/mainPanel12,13/1/UI_SubView",
  "card3title" : "Añadir un pez ángel",
  "card3Description" : "1. Arrastre el recurso Angelfish_main del panel Activos y suéltelo en el escenario, a la derecha del fondo Acuario.\n\n2. Haga doble clic en el pez para que quede incluido en el símbolo.",
  "card3StepInfo" : "2 de 11",
  "card3PosAction" : "Siguiente",
  "card3NegAction" : "Anterior",
  "card3Node" : "PanelID_601$$-1/0/OS_ViewContainer,0/1/mainPanel12,1/1/UI_SubView,0/1/UI_SubView",
  "card4title" : "Organizar capas para el pez principal",
  "card4Description" : "1. Cree una carpeta en el panel Capas haciendo clic en el botón Nueva carpeta. Haga doble clic en el nombre de la carpeta y cámbiele el nombre a Principal.\n\n2. Seleccione todas las capas, excepto la capa de carpeta, pulsando CTRL/CMD y haciendo clic a la vez. Muévalas a la carpeta Principal arrastrándolas a la capa de carpeta.",
  "card4StepInfo" : "3 de 11",
  "card4PosAction" : "Siguiente",
  "card4NegAction" : "Anterior",
  "card4Node" : "PanelID_266$$-1/0/OS_ViewContainer,0/1/UI_ScrollView,0/1/UI_ScrollTransformView,0/1/UI_SubView,0/1/TimelinePanelRoot,0/1/TrackControl,0/1/LayerHeader,0/1/LayerHeaderLeftControls,0/1/TimelineNewFolder",
  "card5title" : "Aletas principales del cuerpo del paz",
  "card5Description" : "1. Observe que cuando movemos el cuerpo del pez, las aletas no se mueven simultáneamente. Lo arreglaremos con la opción de asociación.\n\n2. Haga clic en el botón Mostrar vista de asociación para mostrarlo si aún no se muestra.\n\n3. Arrastre y suelte el control de cada capa de las aletas en la capa del cuerpo.\n\n4. Una vez hecho esto, observe que ahora, al mover el cuerpo del pez, las aletas también se mueven.",
  "card5StepInfo" : "4 de 11",
  "card5PosAction" : "Siguiente",
  "card5NegAction" : "Anterior",
  "card5Node" : "PanelID_266$$-1/0/OS_ViewContainer,0/1/UI_ScrollView,0/1/UI_ScrollTransformView,0/1/UI_SubView,0/1/TimelinePanelRoot,0/1/TrackControl,0/1/TimelineHeader,0/1/HeaderLeftControls,0/1/AdvancedFeatureControls,0/1/ParentingTabButton",
  "card6title" : "Crear pez que sigue al principal",
  "card6Description" : "1. Haga clic con el botón derecho en la carpeta Principal y seleccione la opción Duplicar capas.\n\n2. Cambie el nombre de la capa de la carpeta recién creada como pez_siguiendo1.\n\n3. Haga clic en una región vacía del escenario para deseleccionar todo. A continuación, seleccione solo el cuerpo del pez.\n\n4. Arrastre el pez que sigue y colóquelo debajo del pez principal.",
  "card6StepInfo" : "5 de 11",
  "card6PosAction" : "Siguiente",
  "card6NegAction" : "Anterior",
  "card6Node" : "PanelID_266$$-1/0/OS_ViewContainer,0/1/UI_ScrollView,0/1/UI_ScrollTransformView,0/1/UI_SubView,0/1/TimelinePanelRoot,0/1/TrackControl,0/1/LayerHeader",
  "card7title" : "Redimensionar pez",
  "card7Description" : "1. Con el cuerpo del pez que sigue al principal seleccionado, elija la herramienta de transformación libre en el panel Herramientas.\n\n2. Cambie el tamaño del cuerpo del pez pulsando MAYÚS y arrastrando el control del extremo del superior izquierdo.\n\n3. Observe que al cambiar el cuerpo del pez se produce el cambio proporcional del tamaño de los peces secundarios (en este caso, de todas las aletas).",
  "card7StepInfo" : "6 de 11",
  "card7PosAction" : "Siguiente",
  "card7NegAction" : "Anterior",
  "card7Node" : "PanelID_273$$-1/0/OS_ViewContainer,0/1/UI_ScrollView,0/1/UI_ScrollTransformView,0/1/UI_SubView,0/1/ToolPanelRoot,0/1/ToolsContainer,0/1/33507",
  "card8title" : "Crear un segundo pez que sigue al principal",
  "card8Description" : "Siga los pasos anteriores para crear otro pez que siga al principal. Para ello, duplique primero la carpeta Principal, cambie el nombre de la nueva capa de la carpeta a pez_siguiendo2, mueva el pez y, a continuación, cambie su tamaño.",
  "card8StepInfo" : "7 de 11",
  "card8PosAction" : "Siguiente",
  "card8NegAction" : "Anterior",
  "card8Node" : "PanelID_266$$-1/0/OS_ViewContainer,0/1/UI_ScrollView,0/1/UI_ScrollTransformView,0/1/UI_SubView,0/1/TimelinePanelRoot,0/1/TrackControl,0/1/LayerHeader,0/1/LayerHeaderRightControls",
  "card9title" : "Conectar el pez que sigue al principal con este último",
  "card9Description" : "Queremos que los peces que siguen al principal se muevan de forma simultánea con este. Para ello, debemos hacer que el pez principal sea el “ejemplo” para los peces que le siguen.\n\n1. Expanda una de las siguientes carpetas de peces en la sección Capas, arrastre el control de la capa body_copy y conéctelo a la capa body de la carpeta Principal.\n\n2. Repita el mismo procedimiento con el pez que le sigue. Puede contraer la carpeta de la primera carpeta de peces que siguen para crear más espacio para realizar conexiones.\n\n3. Ahora, al mover el pez principal, los peces que siguen se mueven. ",
  "card9StepInfo" : "8 de 11",
  "card9PosAction" : "Siguiente",
  "card9NegAction" : "Anterior",
  "card9Node" : "PanelID_266$$-1/0/OS_ViewContainer,0/1/UI_ScrollView,0/1/UI_ScrollTransformView,0/1/UI_SubView,0/1/TimelinePanelRoot,0/1/TrackControl,0/1/TimelineHeader,0/1/HeaderLeftControls",
  "card10title" : "Añadir movimiento al pez",
  "card10Description" : "1. Expanda la carpeta Principal en el panel Capas y seleccione la capa del cuerpo.\n\n2. Desplácese por la cronología para desplazarse al último fotograma, el 320.\n\n3. Haga clic en el último fotograma de la capa del cuerpo y haga clic en el botón Insertar fotograma clave.\n\n4. Mueva el pez principal del escenario de derecha a izquierda.\n\n5. Haga clic en cualquier fotograma intermedio de la capa del cuerpo en la cronología y, a continuación, haga clic en el botón Interpolar.\n\n6. Haga clic en el botón Reproducir en la cronología y observe que el banco de peces se mueve de un extremo al otro.",
  "card10StepInfo" : "9 de 11",
  "card10PosAction" : "Siguiente",
  "card10NegAction" : "Anterior",
  "card10Node" : "PanelID_266$$-1/0/OS_ViewContainer,0/1/UI_ScrollView,0/1/UI_ScrollTransformView,0/1/UI_SubView,0/1/TimelinePanelRoot,0/1/TrackControl,0/1/LayerHeader",
  "card11title" : "Probar animación",
  "card11Description" : "1. Salga del modo de edición de símbolos y vuelva a la escena principal haciendo clic en el botón Escena 1 en la parte superior izquierda.\n\n2. Haga clic en el icono Probar película en la parte superior derecha para probar la animación.\n\n3. Cierre la ventana Probar película cuando haya acabado.",
  "card11StepInfo" : "10 de 11",
  "card11PosAction" : "Siguiente",
  "card11NegAction" : "Anterior",
  "card11Node" : "PanelID_508$$-1/0/OS_ViewContainer,0/1/UI_ScrollView,0/1/UI_ScrollTransformView,0/1/UI_SubView,0/1/appHeaderCommandsPanel,0/1/UI_AppHeader_Play",
  "card12title" : "Compartir o publicar animación",
  "card12Description" : "1. Haga clic en el botón Compartir y publicar de forma rápida en la parte superior derecha.\n\n2. Seleccione la opción Compartir en redes sociales o Publicar, y siga las instrucciones.",
  "card12StepInfo" : "11 de 11",
  "card12PosAction" : "Fin",
  "card12NegAction" : "Anterior",
  "card12Node" : "PanelID_508$$-1/0/OS_ViewContainer,0/1/UI_ScrollView,0/1/UI_ScrollTransformView,0/1/UI_SubView,0/1/appHeaderCommandsPanel,0/1/UI_QuickExport_Button"
}