﻿<dialog id="dialog"
	title="Crear nuevo fragmento de código"
	buttons="accept, cancel" >
	<script>
			function autoFillCode()
			{
				var doc = fl.getDocumentDOM();
				if(doc != null)
				{
					fl.xmlui.set("Code", fl.actionsPanel.getSelectedText(true));
				}
				else
				{
					alert("Seleccione código de un archivo FLA.");
				}
			}
	 </script>

	<grid>
		<columns>
			<column />
			<column />
		</columns>
		<rows>
			<row>
				<label value="Título: "
					align="right" control="title_ipt"/>
				<textbox id="Title" required="true"
					width="500"
					requiredname="Título"/>
			</row>
			<row>
				<label value="Descripción: "
					align="right" control="tooltip_ipt"/>
				<textbox id="Tooltip" required="true"
					width="500"
					requiredname="Descripción"/>
			</row>
			<row>
				<label value="" />
				<hbox>
					<label value="¿Usar código seleccionado en el panel Acciones?"/>
					<button id="autoFill_btn"
						label="Rellenar automáticamente"
						oncommand="autoFillCode();"/>
				</hbox>
			</row>
			<row>
				<label value="Código: "
					align="right" control="code_ipt"/>
				<textbox id="Code" multiline="true" required="true"
					width="500"
					rows="6"
					requiredname="Código"/>
			</row>
			<row>
				<label value="" align="right" control="requiresSymbol_ch" />
				<checkbox id="requiresSymbol_ch" wordwrap="true"
					label="Reemplazar automáticamente instance_name_here al aplicar el fragmento de código ('instance_name_here' representa el nombre de la instancia)."
					checked="false"/>
			</row>
		</rows>
	</grid>
</dialog>
