{"name":"Stork Carrying a Baby","title":"Stork Carrying a Baby","description":"","card1title":"Stork carrying a baby","card1Description":"Here's the animation that we will create in this tutorial.","card1StepInfo":"","card1PosAction":"Next","card1NegAction":"Previous","card2title":"Setup the Rig","card2Description":"Select the asset warp tool. Make sure that you are on the first frame on the timeline.  Create a rig as shown in the video.  (To deselect, click anywhere outside the mesh)","card2StepInfo":"1 of 7","card2PosAction":"Next","card2NegAction":"Previous","card2Node":"PanelID_273$$-1/0/OS_ViewContainer,0/1/UI_ScrollView,0/1/UI_ScrollTransformView,0/1/UI_SubView,0/1/ToolPanelRoot,0/1/ToolsContainer,0/1/33125","card3title":"Setup the last frame","card3Description":"Click on the last frame.  Now click on 'Insert keyframe'","card3StepInfo":"2 of 7","card3PosAction":"Next","card3NegAction":"Previous","card3Node":"PanelID_266$$-1/0/OS_ViewContainer,0/1/UI_ScrollView,0/1/UI_ScrollTransformView,0/1/UI_SubView,0/1/TimelinePanelRoot,0/1/TrackControl,0/1/TimelineHeader,0/1/HeaderRightControls,0/1/StatusWindow,0/1/UI_TIMELINE_STATUS_WINDOW,0/1/0e8279a8-c053-4e89-996e-d13e7c36c979,0/1/PICTURE_BUTTON_INSERTKEYFRAME","card4title":"Modify intermediate pose","card4Description":"Click on frame 15.  Now modify the rig as shown in the video.  Make sure you have selected the asset warp tool.","card4StepInfo":"3 of 7","card4PosAction":"Next","card4NegAction":"Previous","card4Node":"PanelID_508$$-1/0/OS_ViewContainer,0/1/UI_ScrollView,0/1/UI_ScrollTransformView,0/1/UI_SubView,0/1/appHeaderCommandsPanel,0/1/UI_AppHeader_Play","card5title":"Setup the tween","card5Description":"Select any frame on the first span.  Shift-select any frame on the second span.  Now click on 'Insert Classic Tween'.  ","card5StepInfo":"4 of 7","card5PosAction":"Next","card5NegAction":"Previous","card5Node":"PanelID_266$$-1/0/OS_ViewContainer,0/1/UI_ScrollView,0/1/UI_ScrollTransformView,0/1/UI_SubView,0/1/TimelinePanelRoot,0/1/TrackControl,0/1/TimelineHeader,0/1/HeaderRightControls,0/1/StatusWindow,0/1/UI_TIMELINE_STATUS_WINDOW,0/1/82fd600b-9460-4d99-9d7f-d295c6da9769,0/1/PICTURE_BUTTON_CREATECLASSICTWEEN","card6title":"Animate the background","card6Description":"Lock the Stork layer and unlock the 'Layer_1' layer.  Make sure you are on the first frame.  Expand view to 'Show All'.  Click on the last frame.  Make sure you are using the 'Selection' tool.  Now move the background image as shown in the video.  Click anywhere on the span and click on 'Create Classic Tween'.","card6StepInfo":"5 of 7","card6PosAction":"Next","card6NegAction":"Previous","card6Node":"PanelID_508$$-1/0/OS_ViewContainer,0/1/UI_ScrollView,0/1/UI_ScrollTransformView,0/1/UI_SubView,0/1/appHeaderCommandsPanel,0/1/UI_AppHeader_Play","card7title":"Test Your Animations","card7Description":"Click on 'Test Movie' to view your animation.","card7StepInfo":"6 of 7","card7PosAction":"Next","card7NegAction":"Previous","card7Node":"PanelID_508$$-1/0/OS_ViewContainer,0/1/UI_ScrollView,0/1/UI_ScrollTransformView,0/1/UI_SubView,0/1/appHeaderCommandsPanel,0/1/UI_AppHeader_Play","card8title":"Share your animation on Twitter","card8Description":"Click on Share and share your animation with your friends and family on Twitter","card8StepInfo":"7 of 7","card8PosAction":"End","card8NegAction":"Previous","card8Node":"PanelID_508$$-1/0/OS_ViewContainer,0/1/UI_ScrollView,0/1/UI_ScrollTransformView,0/1/UI_SubView,0/1/appHeaderCommandsPanel,0/1/UI_QuickExport_Button"}