﻿<locale language="en">
  <s key="ADD_TO_FRAME_TIP">Add to current frame</s>
  <s key="COPY_TO_CLIPBOARD_TIP">Copy to clipboard</s>
  <s key="OPTIONS_MENU_TIP">Options</s>
  <s key="CSP_LBL_CREATE_SNIPPET">Create New Code Snippet</s>
  <s key="CSP_LBL_EDIT_XML">Edit Code Snippets XML</s>
  <s key="CSP_LBL_REFRESH">Refresh</s>
  <s key="CSP_LBL_RESET_DEFAULT_XML">Reset to Default XML</s>
  <s key="CSP_LBL_SHOW_WARNINGS">Show All Warning Dialogs</s>
  <s key="CSP_LBL_HELP">Help...</s>
  <s key="CSP_LBL_IMPORT_XML">Import Code Snippets XML</s>
  <s key="CSP_LBL_EXPORT_XML">Export Code Snippets XML</s>
  <s key="CM_LBL_ADD_TO_FRAME">Add to Frame</s>
  <s key="CM_LBL_COPY_TO_CLIPBOARD">Copy to Clipboard</s>
  <s key="DLG_MSG_NOT_A_SYMBOL">Your selection must be converted to a movie clip in order to apply a code snippet. Animate will convert and create an instance name for you before applying the code snippet.</s>
  <s key="DLG_MSG_NO_SELECTION">This action requires an object to be selected on Stage.</s>
  <s key="DLG_MSG_NO_INSTANCE_NAME">The selected symbol requires an instance name. Animate will create an instance name before applying the code sample.</s>
  <s key="DLG_MSG_SELECT_SNIPPET">Please select a code snippet first.</s>
  <s key="DLG_MSG_CONFIRM_DELETE">Are you sure you want to reset to the default code snippets xml file? You will lose any custom code snippets.</s>
  <s key="DLG_MSG_NEED_A_FLA">Please open a FLA file first.</s>
  <s key="DLG_MSG_NEED_MC_TIMELINE">To add code for this object, please select an instance of the object in either the main timeline or in a Movie Clip timeline.</s>
  <s key="GBL_URL_HELP">http://www.adobe.com/go/learn_flcs5_codesnippetspanel</s>
  <s key="DLG_IMPORT_XML">Select a code snippets xml file</s>
  <s key="DLG_EXPORT_XML">Save code snippets as...</s>
  <s key="DLG_MSG_MALFORMED_XML">Could not load XML. Please verify XML is correctly formatted and does not contain special characters.</s>
  <s key="DLG_MSG_EXPORT_FAILED">Could not save XML file.</s>
  <s key="CUSTOM_TITLE">Custom</s>
  <s key="CUSTOM_DESC">Custom code snippets.</s>
  <s key="DLG_MSG_UNSUPPORTED_VERSION">This code snippet</s>
  <s key="CSP_LBL_DELETE_SNIPPET">Delete Code Snippet</s>
  <s key="DLG_MSG_CONFIRM_SNIPPET_DELETE">Are you sure you want to delete '{snippetName}'?</s>
</locale>
