{"name":"Animating a doll","title":"Animating a doll","description":"","card1title":"Introduction","card1Description":"In this video we will be creating a simple doll animation using the basic concepts of Animate. ","card1StepInfo":"","card1PosAction":"Start","card1NegAction":"Previous","card2title":"Create Graphic Symbols","card2Description":"1. Mouse hover the 'Head' layer and click the lock icon. Now, click on the 'Trunk' layer and goto 'Properties panel' -> Object tab -> Click on 'Convert to symbol' icon. Name it as 'Trunk' and set the 'Type' as 'Graphic'.\n2. Unlock the 'Head' layer and lock the 'Trunk' layer as shown in the above video.  Click on the 'Head' Layer and goto 'Properties panel' -> Object tab -> Click on 'Convert to symbol' icon. Name it as 'Head' and set the 'Type' as 'Graphic'.\n3. Now unlock both the layers.","card2StepInfo":"1 of 8","card2PosAction":"Next","card2NegAction":"Previous","card2Node":"PanelID_266$$-1/0/OS_ViewContainer,0/1/UI_ScrollView,0/1/UI_ScrollTransformView,0/1/UI_SubView,0/1/TimelinePanelRoot,0/1/TrackControl,0/1/TimelineHeader,0/1/HeaderLeftControls,0/1/AdvancedFeatureControls,0/1/TimelineAddRemoveCamera","card3title":"Set the Transform Points","card3Description":"Select the 'Free Transform' tool and click on the 'Head' symbol then move the transform point to the bottom middle as shown in the video.\nRepeat the same for 'Trunk' symbol as well.","card3StepInfo":"2 of 8","card3PosAction":"Next","card3NegAction":"Previous","card3Node":"PanelID_273$$-1/0/OS_ViewContainer,0/1/UI_ScrollView,0/1/UI_ScrollTransformView,0/1/UI_SubView,0/1/ToolPanelRoot,0/1/ToolsContainer,0/1/33507","card4title":"Setup Layer Parenting","card4Description":"\nClick on the 'Show Parenting View' icon. Now, make the Head connected to Trunk by drag-dropping the Head layer to the Trunk layer in the parenting section of the Timeline panel (as shown in the above video)","card4StepInfo":"3 of 8","card4PosAction":"Next","card4NegAction":"Previous","card4Node":"PanelID_266$$-1/0/OS_ViewContainer,0/1/UI_ScrollView,0/1/UI_ScrollTransformView,0/1/UI_SubView,0/1/TimelinePanelRoot,0/1/TrackControl,0/1/TimelineHeader,0/1/HeaderLeftControls,0/1/AdvancedFeatureControls,0/1/ParentingTabButton","card5title":"Modify Poses and Extend the timeline","card5Description":"1. Open 'Transform' panel from Window -> Transform menu.  Select the Head symbol on the stage and set Rotate value as 15 in Transform panel.  Select the Trunk symbol and set Rotate value as -5.\n2. Click on Frame 50 of 'Head' layer and hold down Shift key then click on Frame 50 of 'Trunk' layer, now click 'Insert Auto keyframe' icon in the timeline as shown in the video.\n3. Repeat the above step on Frame 25 of both the layers.  Select the Head symbol and set the Rotate value as -15 in Transform panel.  Select the Trunk symbol and set Rotate value as 5.","card5StepInfo":"4 of 8","card5PosAction":"Next","card5NegAction":"Previous","card5Node":"PanelID_266$$-1/0/OS_ViewContainer,0/1/UI_ScrollView,0/1/UI_ScrollTransformView,0/1/UI_SubView,0/1/TimelinePanelRoot,0/1/TrackControl,0/1/TimelineHeader,0/1/HeaderLeftControls,0/1/TimelineDisplayModeButton","card6title":"Add Classic Tween","card6Description":"First, click on any frame from 1 to 25 of Head layer then click on 'Create classic tween' button in Timeline panel. Next, click on any frame between 26 and 50 then click on 'Create classic tween' button as shown in the video. Repeat the same for Trunk layer as well. ","card6StepInfo":"5 of 8","card6PosAction":"Next","card6NegAction":"Previous","card6Node":"PanelID_266$$-1/0/OS_ViewContainer,0/1/UI_ScrollView,0/1/UI_ScrollTransformView,0/1/UI_SubView,0/1/TimelinePanelRoot,0/1/TrackControl,0/1/TimelineHeader,0/1/HeaderRightControls,0/1/StatusWindow,0/1/OnionSkinControls,0/1/TimelineTween","card7title":"Modify Easing","card7Description":"1. Click on any frame (1 to 25) of a tween span in the 'Head' layer \n2. Goto 'Properties' panel -> 'Frame' tab -> 'Tweening' section. Click Effect button and choose 'Ease In Out' option then double click on the 'Cubic' option. Make sure the Cubic Ease-In-Out effect is set.\n\nRepeat the above steps for other tween spans of Head and Trunk layer as shown in the video.\n\nView the animation by clicking on 'Test Movie' icon on the top-right of application window.","card7StepInfo":"6 of 8","card7PosAction":"Next","card7NegAction":"Previous","card7Node":"PanelID_266$$-1/0/OS_ViewContainer,0/1/UI_ScrollView,0/1/UI_ScrollTransformView,0/1/UI_SubView,0/1/TimelinePanelRoot,0/1/TrackControl,0/1/TimelineHeader,0/1/HeaderRightControls,0/1/ZoomControls,0/1/TimelineCellMode","card8title":"Personalize background color","card8Description":"Click on an empty area of the stage. Goto 'Properties panel' -> 'Doc' tab -> 'Document Settings' section and set the stage color of your choice.","card8StepInfo":"7 of 8","card8PosAction":"Next","card8NegAction":"Previous","card8Node":"PanelID_266$$-1/0/OS_ViewContainer,0/1/UI_ScrollView,0/1/UI_ScrollTransformView,0/1/UI_SubView,0/1/TimelinePanelRoot,0/1/TrackControl,0/1/TimelineHeader,0/1/HeaderRightControls,0/1/ZoomControls,0/1/TimelineCellMode","card9title":"Share on Social Media","card9Description":"Share the animation on social media as shown in the above video.","card9StepInfo":"","card9PosAction":"Next","card9NegAction":"Previous","card9Node":"%DocName$$-1/0/OS_ViewContainer,0/1/UI_ScrollView,0/1/UI_ScrollTransformView,0/1/UI_SubView,4/1/UI_SubView,0/1/UI_ControlsContainer,0/1/UI_ScrollTransformView,0/1/UI_SubView,0/1/parentSubview,0/1/StageClipperButton","card10title":"Congratulations!","card10Description":"Congratulations on completing this tutorial.  You've learnt about parenting, tweening, easing,  transformations and much more.  Keep going!","card10StepInfo":"8 of 8","card10PosAction":"End","card10NegAction":"Previous"}