{"name":"Rocket Launch - Interactive","title":"Rocket Launch - Interactive","description":"","card1title":"Introduction","card1Description":"In this tutorial we will learn how to add interactivity to HTML5 Canvas Animation.\n\nWe will start with a document that already contains animation - of a rocket moving across the globe.\n\nWe will modify it so that the rocket is launched only when user clicks the launch button.","card1StepInfo":"1 of 17","card1PosAction":"Next","card1NegAction":"Previous","card2title":"Test Animation","card2Description":"Let's first see the animation we have got. \n\n1. Click Play button and preview the animation in the browser.\n\nYou will notice that the rocket starts moving as soon as the page is loaded. We will modify this so that it starts only after user clicks the Launch button","card2StepInfo":"2 of 17","card2PosAction":"Next","card2NegAction":"Previous","card2Node":"PanelID_508$$-1/0/OS_ViewContainer,0/1/UI_ScrollView,0/1/UI_ScrollTransformView,0/1/UI_SubView,0/1/appHeaderCommandsPanel,0/1/UI_AppHeader_Play","card3title":"Create Buttons Layer","card3Description":"1. Switch to Timeline View\n2. Create a new layer by clicking plus button.\n3. Double click the layer name and rename it to 'Buttons'","card3StepInfo":"3 of 17","card3PosAction":"Next","card3NegAction":"Previous","card3Node":"PanelID_266$$-1/0/OS_ViewContainer,0/1/UI_ScrollView,0/1/UI_ScrollTransformView,0/1/UI_SubView,0/1/TimelinePanelRoot,0/1/TrackControl,0/1/LayerHeader,0/1/LayerHeaderLeftControls,0/1/TimelineNewLayer","card4title":"Select Color for Button Background","card4Description":"1. Click on 'Fill Color' button at bottom of the toolbar \n2. Select blue color. This will be the color of our button\n","card4StepInfo":"4 of 17","card4PosAction":"Next","card4NegAction":"Previous","card4Node":"PanelID_273$$-1/0/OS_ViewContainer,0/1/UI_ScrollView,0/1/UI_ScrollTransformView,0/1/UI_SubView,0/1/ToolPanelRoot,0/1/ToolOptionsContainer,0/1/UI_ControlView,1/1/UI_InteractiveControlView","card5title":"Draw Rectangle for the button","card5Description":"1. Click on the first frame of Buttons layer. \n2. Click on Rectangle Tool \n3. Draw a rectangle at bottom center of the stage.","card5StepInfo":"5 of 17","card5PosAction":"Next","card5NegAction":"Previous","card5Node":"PanelID_273$$-1/0/OS_ViewContainer,0/1/UI_ScrollView,0/1/UI_ScrollTransformView,0/1/UI_SubView,0/1/ToolPanelRoot,0/1/ToolsContainer,0/1/33325","card6title":"Select Text Color","card6Description":"1. Click on Fill Color button\n2. Select White Color","card6StepInfo":"6 of 17","card6PosAction":"Next","card6NegAction":"Previous","card6Node":"PanelID_273$$-1/0/OS_ViewContainer,0/1/UI_ScrollView,0/1/UI_ScrollTransformView,0/1/UI_SubView,0/1/ToolPanelRoot,0/1/ToolOptionsContainer,0/1/UI_ControlView,1/1/UI_InteractiveControlView","card7title":"Set Button Caption","card7Description":"1. Click on Text tool and then click inside the blue rectangle on the stage. \n2. Type 'Launch'","card7StepInfo":"7 of 17","card7PosAction":"Next","card7NegAction":"Previous","card7Node":"PanelID_273$$-1/0/OS_ViewContainer,0/1/UI_ScrollView,0/1/UI_ScrollTransformView,0/1/UI_SubView,0/1/ToolPanelRoot,0/1/ToolsContainer,0/1/33513","card8title":"Exit Text Edit Mode","card8Description":"1. Exit out of text edit mode by clicking Selection tool in the toolbar","card8StepInfo":"8 of 17","card8PosAction":"Next","card8NegAction":"Previous","card8Node":"PanelID_273$$-1/0/OS_ViewContainer,0/1/UI_ScrollView,0/1/UI_ScrollTransformView,0/1/UI_SubView,0/1/ToolPanelRoot,0/1/ToolsContainer,0/1/33508","card9title":"Set Text Properties","card9Description":"1. Click on 'Properties' tab \n2. Click on 'Object' tab. \n3. Change size of the text to fit in the rectangle. \n4. Center align position of the text in the rectangle.","card9StepInfo":"9 of 17","card9PosAction":"Next","card9NegAction":"Previous","card9Node":"PanelID_268$$-1/0/OS_ViewContainer,0/1/UI_ScrollView,0/1/UI_ScrollTransformView,0/1/UI_SubView,0/1/UI_SubView,0/1/UI_SubView,0/1/UI_TabViewContainer,1/1/UI_TabView,1/1/UI_ScrollView,0/1/UI_ScrollTransformView,0/1/UI_SubView,0/1/an::PlacardView,0/1/piTextHdr,1/1/UI_SubView,0/1/UI_PITEXTHDR","card10title":"Create Symbol for Button","card10Description":"1. Right click on Buttons layer \n2. Select 'Convert Layers to Symbol' option.\n3. Set Name to 'Launch Button', Type to 'Button' and click OK.","card10StepInfo":"10 of 17","card10PosAction":"Next","card10NegAction":"Previous","card10Node":"PanelID_266$$-1/0/OS_ViewContainer,0/1/UI_ScrollView,0/1/UI_ScrollTransformView,0/1/UI_SubView,0/1/TimelinePanelRoot,0/1/TrackControl,0/1/LayerHeader","card11title":"Set Symbol Instance Names","card11Description":"We are going to write scripts for interactivity. For that we need to name the instances of the button and rocket symbols. \n\n1. Click on the symbol (button) on the stage. \n2. In the 'Object' tab of Properties panel, set instance name to launch_btn and press Tab button\n3. Repeat the same for the Rocket. Click on rocket on the stage and in the Object tab, set the instance name to rocket","card11StepInfo":"11 of 17","card11PosAction":"Next","card11NegAction":"Previous","card11Node":"PanelID_268$$-1/0/OS_ViewContainer,0/1/UI_ScrollView,0/1/UI_ScrollTransformView,0/1/UI_SubView,0/1/UI_SubView,0/1/UI_SubView,0/1/UI_TabViewContainer,1/1/UI_TabView,1/1/UI_ScrollView,0/1/UI_ScrollTransformView,0/1/UI_SubView,0/1/an::PlacardView,0/1/piSymbolHdr,1/1/UI_SubView,0/1/UI_PISYMBOLHDR","card12title":"Stop Rocket Animation on First Frame","card12Description":"We want to animate the Rocket only on clicking 'Launch' button. So we need to stop animation of the rocket in the first frame. We are going to write JavaScript code to do this.\n\n1. Right click on the first frame of 'Rocket Container' layer.\n2. Select 'Actions'. This opens Actions Editor.\n3. Type 'this.rocket.stop();' in the code editor\n4. Close Actions panel\n\nNote that 'rocket' is the instance name of 'Rocket Container' symbol.","card12StepInfo":"12 of 17","card12PosAction":"Next","card12NegAction":"Previous","card12Node":"PanelID_266$$-1/0/OS_ViewContainer,0/1/UI_ScrollView,0/1/UI_ScrollTransformView,0/1/UI_SubView,0/1/TimelinePanelRoot,0/1/TrackControl,0/1/LayerHeader,0/1/LayerHeaderLeftControls","card13title":"Stop Rocket Animation on Last Frame","card13Description":"We also want to stop rocket from moving when it reaches end of its path, which is the last frame in Rocket symbol. For this we need to edit Rocket Symbol. \n1. Double click on the Rocket Symbol\n2. Right click on the last frame\n3. Select 'Actions'\n4. Type 'this.stop();'  in the code editor.\n5. Close Actions Panel","card13StepInfo":"13 of 17","card13PosAction":"Next","card13NegAction":"Previous","card14title":"Switch to the main scene","card14Description":"Switch back to the main Scene by clicking on 'Scene 1' at top left.","card14StepInfo":"14 of 17","card14PosAction":"Next","card14NegAction":"Previous","card15title":"Add Button Event Handler","card15Description":"When the user clicks on Launch button we want to start Rocket animation. We need to write 'click' event handler for the button.\n1. Right click on the first frame of 'Launch Button' layer \n2. Select Actions. \n3. Type following script -\n\nvar _this = this;\nthis.launch_btn.on('click', function(evt) {\n   _this.rocket.gotoAndPlay(0);\n});\n\n4. Close the Actions panel","card15StepInfo":"15 of 17","card15PosAction":"Next","card15NegAction":"Previous","card15Node":"%DocName$$-1/0/OS_ViewContainer,0/1/UI_ScrollView,0/1/UI_ScrollTransformView,0/1/UI_SubView,4/1/UI_SubView,0/1/UI_ControlsContainer,0/1/UI_ScrollTransformView,0/1/UI_SubView,0/1/parentSubview,0/1/StatusSymbolPopup","card16title":"Test Animation","card16Description":"1. Click Play button to run the animation in browser.\n\n2. Click Launch button and you should see  Rocket animation starting","card16StepInfo":"16 of 17","card16PosAction":"Next","card16NegAction":"Previous","card16Node":"PanelID_508$$-1/0/OS_ViewContainer,0/1/UI_ScrollView,0/1/UI_ScrollTransformView,0/1/UI_SubView,0/1/appHeaderCommandsPanel,0/1/UI_AppHeader_Play","card17title":"Congratulations","card17Description":"Congratulations on completing this tutorial!","card17StepInfo":"17 of 17","card17PosAction":"End","card17NegAction":"Previous"}