{"name":"Digital Sign","title":"Digital Sign","description":"","card1title":"Introduction","card1Description":"In this tutorial we will learn how to create a Digital Sign like the one shown above.  \nYou can also get additional help using  the blogpost article that outlines the same process as this tutorial.","card1StepInfo":"1 of 10","card1PosAction":"Open Blogpost and Continue","card1NegAction":"Previous","card2title":"Understand your assets","card2Description":"If you select any of the objects on stage, you would see that it is a ‘Drawing Object’ as shown in Properties panel under ‘Object’.  There are essentially three arrows and a text.  ","card2StepInfo":"2 of 10","card2PosAction":"Next","card2NegAction":"Previous","card2Node":"%DocName$$-1/0/OS_ViewContainer,0/1/UI_ScrollView,0/1/UI_ScrollTransformView,0/1/UI_SubView,4/1/UI_SubView,0/1/UI_ControlsContainer,0/1/UI_ScrollTransformView,0/1/UI_SubView,0/1/parentSubview,0/1/UI_UnitNumberEdit,2/1/UI_SubView,0/1/UI_UnitNumberEdit_PopupList","card3title":"Create a Graphic symbol","card3Description":"Select the three arrows and open the 'Align' panel to align the arrows horizontally center.  You can get the panel from Menu-> Window-> Align and click  'Align horizontal center' icon.\n\nWith all arrows selected, click 'Modify' menu select 'Convert to Symbol' option.  Give the name as ‘Sign’ and select Type as ‘Graphic’.","card3StepInfo":"3 of 10","card3PosAction":"Next","card3NegAction":"Previous","card3Node":"PanelID_273$$-1/0/OS_ViewContainer,0/1/UI_ScrollView,0/1/UI_ScrollTransformView,0/1/UI_SubView,0/1/ToolPanelRoot,0/1/ToolsContainer,0/1/33508","card4title":"Add animation to your Graphic symbol","card4Description":"1. Double click the arrows on the stage to go inside the symbol edit mode.\n2. Select the arrows, right click and select ‘Distribute to Keyframes’. \n3. Add few frames after each of the three keyframes using ‘F5’ such that you have keyframes (frames with a dot) on frame 1, 20 and 40.\n4. Now, go back to the main timeline by clicking on ‘Scene 1’ in the top-left of the document window","card4StepInfo":"4 of 10","card4PosAction":"Next","card4NegAction":"Previous","card4Node":"PanelID_273$$-1/0/OS_ViewContainer,0/1/UI_ScrollView,0/1/UI_ScrollTransformView,0/1/UI_SubView,0/1/ToolPanelRoot,0/1/ToolsContainer,0/1/33508","card5title":"Add instance on stage","card5Description":"1. Go to the library panel (Menu : Window -> Library).  You can see a reusable symbol named ‘Sign’.  Drag and drop this symbol twice on the stage as shown in the video \n2. Now, select all the three arrows and open Align panel. Click 'Align bottom edge' and 'Distribute horizontal center' icons.  \n3. Select Sign Layer in timeline. Click on the 60th frame and press ‘F5’ to extend the framespan. \n4. Now select Text layer, click on the 60th frame and press ‘F5' to extend the framespan in the text layer as well.\n5. Test your animation by clicking on ‘Test Movie’ from the Top-Right corner.","card5StepInfo":"5 of 10","card5PosAction":"Next","card5NegAction":"Previous","card5Node":"PanelID_273$$-1/0/OS_ViewContainer,0/1/UI_ScrollView,0/1/UI_ScrollTransformView,0/1/UI_SubView,0/1/ToolPanelRoot,0/1/ToolsContainer,0/1/33508","card6title":"Modify instance properties","card6Description":"1. Select the middle arrow on the stage, go to ‘Properties’ panel -> ‘Object’ tab  -> 'Looping' section and change the 'First' value to '20'. \n2. Repeat this with the third arrow and set the First value to 40.  \n3. Test your animation by clicking on ‘Test Movie’ from the Top-Right corner.  Now the three arrows have different colors.","card6StepInfo":"6 of 10","card6PosAction":"Next","card6NegAction":"Previous","card6Node":"PanelID_266$$-1/0/OS_ViewContainer,0/1/UI_ScrollView,0/1/UI_ScrollTransformView,0/1/UI_SubView,0/1/TimelinePanelRoot,0/1/TrackControl,0/1/TimelineHeader,0/1/HeaderRightControls,0/1/ZoomControls,0/1/TimelineCellMode","card7title":"Add frame effects","card7Description":"1. Select the ‘Sign’ layer, right-click and select ‘Duplicate Layers’.  Lock the ‘Sign_copy’ layer and select ‘Sign’ layer again.  Make sure first frame is selected.\n\n2. Goto ‘Properties’ panel -> ‘Frame’ tab\n i). Scroll down to the ‘Color Effects’ section, select Alpha and set it to 76%.\n ii). Scroll down further and in the Filters section, click ‘+’ and select ‘Drop Shadow'. Change Strength to 50% and choose a nice ‘Grey’ color for shadow. \n iii). Again click '+' and select a ‘Blur’ Filter and set Blur X and Blur Y values to 40.\n \n3. Finally, go to Object tab in the Properties panel and change the X position to 496.","card7StepInfo":"7 of 10","card7PosAction":"Next","card7NegAction":"Previous","card7Node":"PanelID_266$$-1/0/OS_ViewContainer,0/1/UI_ScrollView,0/1/UI_ScrollTransformView,0/1/UI_SubView,0/1/TimelinePanelRoot,0/1/TrackControl,0/1/TimelineHeader,0/1/HeaderRightControls,0/1/ZoomControls,0/1/TimelineCellMode","card8title":"Add effects to Text ","card8Description":"1. Select the ‘Text’ layer, right-click and select ‘Duplicate Layers’.  Lock the ‘Text_copy’ layer and select ‘Text’ layer again.  Make sure first frame is selected.\n\n2. Goto ‘Properties’ panel -> ‘Frame’ tab\n i). In ‘Color Effects’ section, select Alpha and set it to 76%.\n ii). In Filters section, click ‘+’ and select ‘Drop Shadow'. Change Strength to 50% and choose a nice ‘Grey’ color for shadow. \n iii). Again click '+' and select a ‘Blur’ Filter and set Blur X and Blur Y values to 40.\n \n3. Switch to 'Object' tab in properties panel and change the X position to 380.\n\n4. Now test your animation by clicking on ‘Test Movie’ from the Top-Right corner.","card8StepInfo":"8 of 10","card8PosAction":"Next","card8NegAction":"Previous","card8Node":"PanelID_266$$-1/0/OS_ViewContainer,0/1/UI_ScrollView,0/1/UI_ScrollTransformView,0/1/UI_SubView,0/1/TimelinePanelRoot,0/1/TrackControl,0/1/TimelineHeader,0/1/HeaderRightControls,0/1/ZoomControls,0/1/TimelineCellMode","card9title":"Share your Animation","card9Description":"You can share your animation in social media using the quick share icon at the top-right as shown in the video\n","card9StepInfo":"9 of 10","card9PosAction":"Next","card9NegAction":"Previous","card9Node":"%DocName$$-1/0/OS_ViewContainer,0/1/UI_ScrollView,0/1/UI_ScrollTransformView,0/1/UI_SubView,4/1/UI_SubView,0/1/UI_ControlsContainer,0/1/UI_ScrollTransformView,0/1/UI_SubView,0/1/parentSubview,0/1/UI_UnitNumberEdit,2/1/UI_SubView,0/1/UI_UnitNumberEdit_PopupList","card10title":"Congratulations on completing this tutorial","card10Description":"You learnt a lot using this tutorial - Symbols, frame effects, frames & keyframes etc.","card10StepInfo":"10 of 10","card10PosAction":"End","card10NegAction":"Previous"}