{
  "name" : "Carrera de cerdos: parte 2",
  "title" : "Carrera de cerdos: parte 2",
  "description" : "",
  "card1title" : "Introducción",
  "card1Description" : "En este tutorial construiremos sobre la primera parte y aprenderemos a añadir movimiento con la interpolación",
  "card1StepInfo" : "1 de 13",
  "card1PosAction" : "Siguiente",
  "card1NegAction" : "Anterior",
  "card2title" : "Establecer tamaño del escenario",
  "card2Description" : "Vamos a necesitar algo de espacio fuera del escenario.\n\nEstablezca el tamaño del escenario al 50% ",
  "card2StepInfo" : "2 de 13",
  "card2PosAction" : "Siguiente",
  "card2NegAction" : "Anterior",
  "card2Node" : "%DocName$$-1/0/OS_ViewContainer,0/1/UI_ScrollView,0/1/UI_ScrollTransformView,0/1/UI_SubView,4/1/UI_SubView,0/1/UI_ControlsContainer,0/1/UI_ScrollTransformView,0/1/UI_SubView,0/1/parentSubview,0/1/UI_UnitNumberEdit,2/1/UI_SubView,0/1/UI_UnitNumberEdit_PopupList",
  "card3title" : "Establecer la posición inicial del recurso",
  "card3Description" : "1. Asegúrese de que el cabezal de reproducción esté en el primer fotograma de la cronología.\n2. Mueva el recurso hacia el escenario y colóquelo justo a la izquierda del escenario. \nEsta será la posición inicial del recurso antes de empezar a moverlo.",
  "card3StepInfo" : "3 de 13",
  "card3PosAction" : "Siguiente",
  "card3NegAction" : "Anterior",
  "card4title" : "Crear fotogr.",
  "card4Description" : "1. Vaya al último fotograma de la capa 'Running_Pig' de la cronología y haga clic en este.  \n2. Agregue el fotograma clave haciendo clic en el botón 'Insertar fotograma clave'.",
  "card4StepInfo" : "4 de 13",
  "card4PosAction" : "Siguiente",
  "card4NegAction" : "Anterior",
  "card4Node" : "PanelID_266$$-1/0/OS_ViewContainer,0/1/UI_ScrollView,0/1/UI_ScrollTransformView,0/1/UI_SubView,0/1/TimelinePanelRoot,0/1/TrackControl,0/1/TimelineHeader,0/1/HeaderRightControls,0/1/StatusWindow,0/1/UI_TIMELINE_STATUS_WINDOW,0/1/1b559fbf-1448-4529-893a-69c70fd4f789,0/1/LONGPRESS_PICTURE_POPUP_INSERTFRAME",
  "card5title" : "Mover recurso",
  "card5Description" : "1. Vuelva al primer fotograma de la capa Running_Pig y haga clic en el icono 'Tween'.\n2. A continuación, vaya a (pulse sobre) el último fotograma de la misma capa y mueva el recurso a la derecha, justo fuera del escenario",
  "card5StepInfo" : "5 de 13",
  "card5PosAction" : "Siguiente",
  "card5NegAction" : "Anterior",
  "card5Node" : "PanelID_266$$-1/0/OS_ViewContainer,0/1/UI_ScrollView,0/1/UI_ScrollTransformView,0/1/UI_SubView,0/1/TimelinePanelRoot,0/1/TrackControl,0/1/TimelineHeader,0/1/HeaderRightControls,0/1/StatusWindow,0/1/UI_TIMELINE_STATUS_WINDOW,0/1/d05b3b29-8469-478d-bad1-1496c01afb45,0/1/LONGPRESS_PICTURE_POPUP_TWEENS",
  "card6title" : "Animación de prueba",
  "card6Description" : "1. Haga clic en el botón 'Reproducir' para probar la animación. \n\nAhora hagamos que el recurso vuelva a la posición original.",
  "card6StepInfo" : "6 de 13",
  "card6PosAction" : "Siguiente",
  "card6NegAction" : "Anterior",
  "card6Node" : "PanelID_508$$-1/0/OS_ViewContainer,0/1/UI_ScrollView,0/1/UI_ScrollTransformView,0/1/UI_SubView,0/1/appHeaderCommandsPanel,0/1/UI_AppHeader_Play",
  "card7title" : "Crear fotogr.",
  "card7Description" : "Vamos a iniciar una nueva animación. Así que crearemos un nuevo fotograma clave junto al último fotograma de la capa.\n\n1. Haga clic en el panel Cronología.\n2. Haga clic en el fotograma situado junto al último y haga clic en el icono 'Insertar fotograma clave'.",
  "card7StepInfo" : "13 de 7",
  "card7PosAction" : "Siguiente",
  "card7NegAction" : "Anterior",
  "card7Node" : "PanelID_266$$-1/0/OS_ViewContainer,0/1/UI_ScrollView,0/1/UI_ScrollTransformView,0/1/UI_SubView,0/1/TimelinePanelRoot,0/1/TrackControl,0/1/TimelineHeader,0/1/HeaderRightControls,0/1/StatusWindow,0/1/UI_TIMELINE_STATUS_WINDOW,0/1/1b559fbf-1448-4529-893a-69c70fd4f789,0/1/LONGPRESS_PICTURE_POPUP_INSERTFRAME",
  "card8title" : "Girar dirección de recursos",
  "card8Description" : "Si el recurso debe retroceder, su orientación también necesita cambiar.\n\n1. Haga clic con el botón secundario del mouse en el escenario y seleccione la opción Transformar->Voltear horizontalmente",
  "card8StepInfo" : "8 de 13",
  "card8PosAction" : "Siguiente",
  "card8NegAction" : "Anterior",
  "card9title" : "Mover recurso al origen",
  "card9Description" : "Ahora crearemos una Interpolación para mover el recurso a su origen. \n1. Manteniendo el cabezal de reproducción en el mismo fotograma que el último paso, haga clic en el botón 'Interpolación clásica'.\n2. A continuación, haga clic en el fotograma 100 y mueva el recurso a la parte izquierda del escenario.",
  "card9StepInfo" : "9 de 13",
  "card9PosAction" : "Siguiente",
  "card9NegAction" : "Anterior",
  "card9Node" : "PanelID_266$$-1/0/OS_ViewContainer,0/1/UI_ScrollView,0/1/UI_ScrollTransformView,0/1/UI_SubView,0/1/TimelinePanelRoot,0/1/TrackControl,0/1/TimelineHeader,0/1/HeaderRightControls,0/1/StatusWindow,0/1/UI_TIMELINE_STATUS_WINDOW,0/1/d05b3b29-8469-478d-bad1-1496c01afb45,0/1/LONGPRESS_PICTURE_POPUP_TWEENS",
  "card10title" : "Expandir área de capa",
  "card10Description" : "Observaría que la imagen de fondo desaparece después de la primera interpolación.\nNecesitamos extender el intervalo de la capa de fondo hasta el final del intervalo de animación.\n1. Pulse con el botón derecho del ratón sobre el fotograma 100 de la capa 'Cielo gris' y seleccione 'Insertar fotograma’.",
  "card10StepInfo" : "10 de 13",
  "card10PosAction" : "Siguiente",
  "card10NegAction" : "Anterior",
  "card10Node" : "PanelID_266$$-1/0/OS_ViewContainer,0/1/UI_ScrollView,0/1/UI_ScrollTransformView,0/1/UI_SubView,0/1/TimelinePanelRoot,0/1/TrackControl,0/1/TimelineHeader,0/1/HeaderRightControls",
  "card11title" : "Animación de prueba",
  "card11Description" : "1. Haga clic en el botón 'Reproducir' para probar la animación",
  "card11StepInfo" : "11 de 13",
  "card11PosAction" : "Siguiente",
  "card11NegAction" : "Anterior",
  "card11Node" : "PanelID_508$$-1/0/OS_ViewContainer,0/1/UI_ScrollView,0/1/UI_ScrollTransformView,0/1/UI_SubView,0/1/appHeaderCommandsPanel,0/1/UI_AppHeader_Play",
  "card12title" : "Compartir animación",
  "card12Description" : "1. Haga clic en el botón 'Compartir' \n2. Luego, haga clic en el botón 'Compartir en redes sociales'. \n3. Elija la plataforma para compartir y siga las instrucciones adicionales para compartir su animación en la plataforma elegida.",
  "card12StepInfo" : "12 de 13",
  "card12PosAction" : "Siguiente",
  "card12NegAction" : "Anterior",
  "card12Node" : "PanelID_508$$-1/0/OS_ViewContainer,0/1/UI_ScrollView,0/1/UI_ScrollTransformView,0/1/UI_SubView,0/1/appHeaderCommandsPanel,0/1/UI_QuickExport_Button",
  "card13title" : "¡Enhorabuena!",
  "card13Description" : "¡Enhorabuena! Ha finalizado este tutorial.",
  "card13StepInfo" : "13 de 13",
  "card13PosAction" : "Fin",
  "card13NegAction" : "Anterior"
}