{
  "name" : "Animación de iconos",
  "title" : "Animación de iconos",
  "description" : "",
  "card1title" : "Comencemos",
  "card1Description" : "En este tutorial, aprenderemos a animar un icono sencillo en unos 13 pasos",
  "card1StepInfo" : "",
  "card1PosAction" : "Siguiente",
  "card1NegAction" : "Anterior",
  "card1Node" : "%DocName$$-1/0/OS_ViewContainer,0/1/UI_ScrollView,0/1/UI_ScrollTransformView,0/1/UI_SubView,4/1/UI_SubView,0/1/UI_ControlsContainer,0/1/UI_ScrollTransformView,0/1/UI_SubView,0/1/parentSubview,0/1/UI_UnitNumberEdit,2/1/UI_SubView,0/1/UI_UnitNumberEdit_PopupList",
  "card2title" : "Importar un recurso al escenario",
  "card2Description" : "Seleccione el fotograma 1 y vaya al panel Recursos > Predeterminado > Estático y arrastre y suelte el icono Lápiz en el centro del escenario",
  "card2StepInfo" : "1 de 14",
  "card2PosAction" : "Siguiente",
  "card2NegAction" : "Anterior",
  "card2Node" : "%DocName$$-1/0/OS_ViewContainer,0/1/UI_ScrollView,0/1/UI_ScrollTransformView,0/1/UI_SubView,4/1/UI_SubView,0/1/UI_ControlsContainer,0/1/UI_ScrollTransformView,0/1/UI_SubView,0/1/parentSubview,0/1/UI_UnitNumberEdit,2/1/UI_SubView,0/1/UI_UnitNumberEdit_PopupList",
  "card3title" : "Punto de transformación de posición",
  "card3Description" : "Seleccione el recurso con la Herramienta de transformación libre (Q) y coloque el punto de transformación en la esquina inferior izquierda, tal y como se muestra en la imagen",
  "card3StepInfo" : "2 de 14",
  "card3PosAction" : "Siguiente",
  "card3NegAction" : "Anterior",
  "card3Node" : "PanelID_273$$-1/0/OS_ViewContainer,0/1/UI_ScrollView,0/1/UI_ScrollTransformView,0/1/UI_SubView,0/1/ToolPanelRoot,0/1/ToolsContainer,0/1/33507",
  "card4title" : "Insertar un fotograma clave",
  "card4Description" : "Inserte un fotograma clave en el fotograma 20 y gire el recurso manteniendo pulsada la tecla Mayús.",
  "card4StepInfo" : "3 de 14",
  "card4PosAction" : "Siguiente",
  "card4NegAction" : "Anterior",
  "card4Node" : "PanelID_266$$-1/0/OS_ViewContainer,0/1/UI_ScrollView,0/1/UI_ScrollTransformView,0/1/UI_SubView,0/1/TimelinePanelRoot,0/1/TrackControl,0/1/TimelineHeader,0/1/HeaderRightControls,0/1/StatusWindow,0/1/UI_TIMELINE_STATUS_WINDOW,0/1/2e422542-058e-4dda-9955-3dca69ca1cfe,0/1/PICTURE_BUTTON_INSERTKEYFRAME",
  "card5title" : "Configurar una posición clave",
  "card5Description" : "Seleccione el fotograma 20 y mueva el recurso a la derecha, tal y como se muestra en la imagen. Ahora, inserte fotogramas clave en en los fotogramas 30 y 40. ",
  "card5StepInfo" : "4 de 14",
  "card5PosAction" : "Siguiente",
  "card5NegAction" : "Anterior",
  "card5Node" : "PanelID_266$$-1/0/OS_ViewContainer,0/1/UI_ScrollView,0/1/UI_ScrollTransformView,0/1/UI_SubView,0/1/TimelinePanelRoot,0/1/TrackControl,0/1/TimelineHeader,0/1/HeaderLeftControls,0/1/TimelineDisplayModeButton",
  "card6title" : "Copiar y pegar fotogramas",
  "card6Description" : "Haga clic con el botón derecho del ratón y copie los fotogramas del fotograma 1, vaya al fotograma 40 y haga clic con el botón derecho para pegar los fotogramas y conseguir un movimiento en bucle fluido",
  "card6StepInfo" : "5 de 14",
  "card6PosAction" : "Siguiente",
  "card6NegAction" : "Anterior",
  "card6Node" : "PanelID_266$$-1/0/OS_ViewContainer,0/1/UI_ScrollView,0/1/UI_ScrollTransformView,0/1/UI_SubView,0/1/TimelinePanelRoot,0/1/TrackControl,0/1/TimelineHeader,0/1/HeaderLeftControls,0/1/TimelineDisplayModeButton",
  "card7title" : "Añadir movimiento",
  "card7Description" : "“Insertar interpolación clásica” entre los fotogramas clave 1 y 20, 20 y 30, 30 y 40, tal y como aparece en la imagen",
  "card7StepInfo" : "6 de 14",
  "card7PosAction" : "Siguiente",
  "card7NegAction" : "Anterior",
  "card7Node" : "PanelID_266$$-1/0/OS_ViewContainer,0/1/UI_ScrollView,0/1/UI_ScrollTransformView,0/1/UI_SubView,0/1/TimelinePanelRoot,0/1/TrackControl,0/1/TimelineHeader,0/1/HeaderRightControls,0/1/StatusWindow,0/1/UI_TIMELINE_STATUS_WINDOW,0/1/db7ab040-8e13-4f3f-8044-43d535a8fb2f,0/1/PICTURE_BUTTON_CREATECLASSICTWEEN",
  "card8title" : "Cambiar propiedades",
  "card8Description" : "Mantenga pulsada la tecla Mayús y seleccione los fotogramas del 10 al 35. Ahora, vaya a Propiedades, tal y como se muestra en la imagen",
  "card8StepInfo" : "7 de 14",
  "card8PosAction" : "Siguiente",
  "card8NegAction" : "Anterior",
  "card8Node" : "%DocName$$-1/0/OS_ViewContainer,0/1/UI_ScrollView,0/1/UI_ScrollTransformView,0/1/UI_SubView,4/1/UI_SubView,0/1/UI_ControlsContainer,0/1/UI_ScrollTransformView,0/1/UI_SubView,0/1/parentSubview,0/1/UI_UnitNumberEdit,2/1/UI_SubView,0/1/UI_UnitNumberEdit_PopupList",
  "card9title" : "Añadir efectos de física",
  "card9Description" : "Seleccione Efecto: Suavizado clásico y haga clic en “Suavizado de salida”. Ahora haga doble clic en “Quart” ",
  "card9StepInfo" : "8 de 14",
  "card9PosAction" : "Siguiente",
  "card9NegAction" : "Anterior",
  "card9Node" : "%DocName$$-1/0/OS_ViewContainer,0/1/UI_ScrollView,0/1/UI_ScrollTransformView,0/1/UI_SubView,4/1/UI_SubView,0/1/UI_ControlsContainer,0/1/UI_ScrollTransformView,0/1/UI_SubView,0/1/parentSubview,0/1/UI_UnitNumberEdit,2/1/UI_SubView,0/1/UI_UnitNumberEdit_PopupList",
  "card10title" : "Crear la línea",
  "card10Description" : "Haga clic en el fotograma 1 y agregue una nueva capa. Ahora dibuje un cuadrado pequeño, tal y como aparece en la imagen",
  "card10StepInfo" : "9 de 14",
  "card10PosAction" : "Siguiente",
  "card10NegAction" : "Anterior",
  "card10Node" : "PanelID_266$$-1/0/OS_ViewContainer,0/1/UI_ScrollView,0/1/UI_ScrollTransformView,0/1/UI_SubView,0/1/TimelinePanelRoot,0/1/TrackControl,0/1/LayerHeader,0/1/LayerHeaderLeftControls,0/1/TimelineNewLayer",
  "card11title" : "Configuración de posiciones clave",
  "card11Description" : "Agregue un fotograma clave en el fotograma 20 y mueva el cuadrado a la derecha utilizando la “Herramienta de selección (V)”. Ahora, agregue otro fotograma clave a la posición 5 y estire el cuadrado con la “Herramienta de transformación libre (Q)” mientras mantiene pulsada la tecla Opción o Alt",
  "card11StepInfo" : "10 de 14",
  "card11PosAction" : "Siguiente",
  "card11NegAction" : "Anterior",
  "card11Node" : "PanelID_273$$-1/0/OS_ViewContainer,0/1/UI_ScrollView,0/1/UI_ScrollTransformView,0/1/UI_SubView,0/1/ToolPanelRoot,0/1/ToolsContainer,0/1/33507",
  "card12title" : "Agregar una interpolación de forma",
  "card12Description" : "Utilice “Insertar interpolación de forma” entre los fotogramas clave 1, 5 y 5 y 20, tal y como aparece en la imagen",
  "card12StepInfo" : "11 de 14",
  "card12PosAction" : "Siguiente",
  "card12NegAction" : "Anterior",
  "card12Node" : "PanelID_266$$-1/0/OS_ViewContainer,0/1/UI_ScrollView,0/1/UI_ScrollTransformView,0/1/UI_SubView,0/1/TimelinePanelRoot,0/1/TrackControl,0/1/TimelineHeader,0/1/HeaderRightControls,0/1/StatusWindow,0/1/UI_TIMELINE_STATUS_WINDOW,0/1/5de37ab1-0331-45f1-9c55-b38c0c7ae258,0/1/PICTURE_BUTTON_CREATESHAPETWEEN",
  "card13title" : "Perfeccionar la imagen",
  "card13Description" : "Elimine los fotogramas sobrantes (20 a 40) y seleccione cualquier marco entre el 5 y 20 para añadir la opción “Fundido de salida (Quart)”, tal y como aparece en la imagen. ",
  "card13StepInfo" : "12 de 14",
  "card13PosAction" : "Siguiente",
  "card13NegAction" : "Anterior",
  "card13Node" : "PanelID_266$$-1/0/OS_ViewContainer,0/1/UI_ScrollView,0/1/UI_ScrollTransformView,0/1/UI_SubView,0/1/TimelinePanelRoot,0/1/TrackControl,0/1/TimelineHeader,0/1/HeaderRightControls,0/1/StatusWindow,0/1/UI_TIMELINE_STATUS_WINDOW,0/1/125940ba-7e87-4cd4-ae98-46829c86b2a1,0/1/PICTURE_BUTTON_REMOVEFRAME",
  "card14title" : "Casi hemos terminado",
  "card14Description" : "Hagámoslo un poco más real. Seleccione el fotograma 20 y gire ligeramente el recurso hacia la izquierda. Ahora, seleccione el fotograma 30 y muévalo hacia arriba unos cuantos píxeles, tal y como aparece en la imagen.",
  "card14StepInfo" : "13 de 14",
  "card14PosAction" : "Siguiente",
  "card14NegAction" : "Anterior",
  "card14Node" : "%DocName$$-1/0/OS_ViewContainer,0/1/UI_ScrollView,0/1/UI_ScrollTransformView,0/1/UI_SubView,4/1/UI_SubView,0/1/UI_ControlsContainer,0/1/UI_ScrollTransformView,0/1/UI_SubView,0/1/parentSubview,0/1/UI_UnitNumberEdit,2/1/UI_SubView,0/1/UI_UnitNumberEdit_PopupList",
  "card15title" : "¡Buen trabajo!",
  "card15Description" : "Por último, exportaremos su animación a un archivo GIF. No olvide guardar su trabajo.",
  "card15StepInfo" : "14 de 14",
  "card15PosAction" : "Fin",
  "card15NegAction" : "Anterior",
  "card15Node" : "%DocName$$-1/0/OS_ViewContainer,0/1/UI_ScrollView,0/1/UI_ScrollTransformView,0/1/UI_SubView,4/1/UI_SubView,0/1/UI_ControlsContainer,0/1/UI_ScrollTransformView,0/1/UI_SubView,0/1/parentSubview,0/1/UI_UnitNumberEdit,2/1/UI_SubView,0/1/UI_UnitNumberEdit_PopupList"
}