<FLLangs>
	<FLLang licensed="ar_AE" ui="en_US" />
	<FLLang licensed="da_DK" ui="en_US" />
	<FLLang licensed="el_GR" ui="en_US" />
	<FLLang licensed="en_GB" ui="en_US" />
	<FLLang licensed="en_US" ui="en_US" />
	<FLLang licensed="en_XM" ui="en_US" />
	<FLLang licensed="fi_FI" ui="en_US" />
	<FLLang licensed="he_IL" ui="en_US" />
	<FLLang licensed="hu_HU" ui="en_US" />
	<FLLang licensed="nb_NO" ui="en_US" />
	<FLLang licensed="ro_RO" ui="en_US" />
	<FLLang licensed="uk_UA" ui="en_US" />
</FLLangs>