{
  "name" : "Carrera de cerdos",
  "title" : "Carrera de cerdos",
  "description" : "",
  "card1title" : "Introducción",
  "card1Description" : "En este tutorial crearemos una animación sencilla montando los recursos.\nAprenderá los conceptos necesarios sobre los recursos y el panel Recursos.",
  "card1StepInfo" : "",
  "card1PosAction" : "Siguiente",
  "card1NegAction" : "Anterior",
  "card1Node" : "%DocName$$-1/0/OS_ViewContainer,0/1/UI_ScrollView,0/1/UI_ScrollTransformView,0/1/UI_SubView,4/1/UI_SubView,0/1/UI_ControlsContainer,0/1/UI_ScrollTransformView,0/1/UI_SubView,0/1/parentSubview,0/1/PathBarView",
  "card2title" : "Añadir fondo",
  "card2Description" : "1. Escriba “Cielo” en el cuadro de búsqueda del panel Recursos.\n2. Expanda la sección Estáticos del panel Recursos haciendo clic en ella.\n3. Arrastre y suelte el recurso “Cielo gris” en el escenario, tal y como se muestra en el vídeo anterior.",
  "card2StepInfo" : "1 de 6",
  "card2PosAction" : "Siguiente",
  "card2NegAction" : "Anterior",
  "card2Node" : "PanelID_601$$-1/0/OS_ViewContainer,0/1/UI_SubView,1/1/UI_SubView,0/1/UI_SubView",
  "card3title" : "Configurar el escenario para que se ajuste la ventana",
  "card3Description" : "Haga clic en la lista desplegable del zoom y cambie el tamaño del escenario a Ajustar a ventana, tal y como aparece en la imagen.",
  "card3StepInfo" : "2 de 6",
  "card3PosAction" : "Siguiente",
  "card3NegAction" : "Anterior",
  "card3Node" : "%DocName$$-1/0/OS_ViewContainer,0/1/UI_ScrollView,0/1/UI_ScrollTransformView,0/1/UI_SubView,4/1/UI_SubView,0/1/UI_ControlsContainer,0/1/UI_ScrollTransformView,0/1/UI_SubView,0/1/parentSubview,0/1/UI_UnitNumberEdit,2/1/UI_SubView,0/1/UI_UnitNumberEdit_PopupList",
  "card4title" : "Alinear fondo",
  "card4Description" : "Asegúrese de que la imagen de fondo esté correctamente alineada en el escenario arrastrando y colocando la imagen.",
  "card4StepInfo" : "3 de 6",
  "card4PosAction" : "Siguiente",
  "card4NegAction" : "Anterior",
  "card5title" : "Añadir un recurso animado",
  "card5Description" : "1. Borre el cuadro Buscar del panel Recursos y escriba “cerdo”.\n2. Expanda la sección Animados.\n3. Arrastre y suelte el recurso “Cerdo corriendo” en el escenario.\n4. Mueva el recurso para que quede justo por encima del nivel del suelo en la parte superior de la imagen de fondo",
  "card5StepInfo" : "4 de 6",
  "card5PosAction" : "Siguiente",
  "card5NegAction" : "Anterior",
  "card5Node" : "PanelID_601$$-1/0/OS_ViewContainer,0/1/UI_SubView,1/1/UI_SubView,0/1/UI_SubView",
  "card6title" : "Vista previa de la animación",
  "card6Description" : "Puede obtener una vista previa de la animación haciendo clic en el botón Probar contenido.",
  "card6StepInfo" : "5 de 6",
  "card6PosAction" : "Siguiente",
  "card6NegAction" : "Anterior",
  "card6Node" : "PanelID_508$$-1/0/OS_ViewContainer,0/1/UI_ScrollView,0/1/UI_ScrollTransformView,0/1/UI_SubView,0/1/appHeaderCommandsPanel,0/1/UI_AppHeader_Play",
  "card7title" : "¡Buen trabajo!",
  "card7Description" : "Enhorabuena por completar el tutorial de creación sencilla. Ha sido fácil, ¿verdad?\n\nHaga clic en Siguiente tutorial si quiere añadir movimiento a los recursos. De lo contrario, haga clic en Fin para salir.",
  "card7StepInfo" : "6 de 6",
  "card7PosAction" : "Siguiente tutorial",
  "card7NegAction" : "Fin"
}