{
  "name" : "Paseo en barco",
  "title" : "Paseo en barco",
  "description" : "",
  "card1title" : "Introducción",
  "card1Description" : "En este tutorial, crearemos una animación rápida de un paseo en barco. El barco saldrá desde la parte inferior del escenario y viajará hacia arriba.",
  "card1StepInfo" : "",
  "card1PosAction" : "Empezar",
  "card1NegAction" : "Anterior",
  "card2title" : "Bloquear la capa de fondo",
  "card2Description" : "Empecemos por bloquear las capas que no queremos cambiar. En este caso, bloqueemos la capa \"Fondo\" que contiene todo menos el barco.",
  "card2StepInfo" : "1 de 5",
  "card2PosAction" : "Siguiente",
  "card2NegAction" : "Anterior",
  "card2Node" : "PanelID_266$$-1/0/OS_ViewContainer,0/1/UI_ScrollView,0/1/UI_ScrollTransformView,0/1/UI_SubView,0/1/TimelinePanelRoot,0/1/TrackControl,0/1/TimelineHeader,0/1/HeaderLeftControls,0/1/TimelineDisplayModeButton",
  "card3title" : "Crear símbolo gráfico",
  "card3Description" : "El primer paso para crear una animación basada en interpolación es convertir todos los objetos relevantes en símbolos. \nSeleccione el bote cerca de la parte inferior derecha del escenario y vaya al panel \"Propiedades\" -> Ficha \"Objeto\" -> Haga clic en el icono \"Convertir en símbolo\". Asígnele el nombre \"Barco\" y establezca el \"Tipo\" como \"Gráfico\".",
  "card3StepInfo" : "2 de 5",
  "card3PosAction" : "Siguiente",
  "card3NegAction" : "Anterior",
  "card3Node" : "PanelID_273$$-1/0/OS_ViewContainer,0/1/UI_ScrollView,0/1/UI_ScrollTransformView,0/1/UI_SubView,0/1/ToolPanelRoot,0/1/ToolsContainer,0/1/33507",
  "card4title" : "Cambiar el tamaño y la posición del barco",
  "card4Description" : "Cambiemos el tamaño del barco. Vaya al panel \"Propiedades\" -> pestaña \"Objeto\" -> sección \"Posición y tamaño\" y haga clic en el icono de bloqueo para bloquear juntos los valores de ancho y alto y, a continuación, establezca el ancho en 50. \nAhora mueva el bote por debajo del área del escenario como se muestra en el vídeo anterior",
  "card4StepInfo" : "3 de 5",
  "card4PosAction" : "Siguiente",
  "card4NegAction" : "Anterior",
  "card4Node" : "PanelID_273$$-1/0/OS_ViewContainer,0/1/UI_ScrollView,0/1/UI_ScrollTransformView,0/1/UI_SubView,0/1/ToolPanelRoot,0/1/ToolsContainer,0/1/33507",
  "card5title" : "Extienda la cronología y cambie la posición del barco",
  "card5Description" : "Desplace la cronología hacia la derecha hasta que vea el fotograma 500. Pulse el fotograma 500 de la capa Barco y mantenga pulsada la tecla Mayús y, a continuación, pulse sobre el fotograma 500 de la capa Fondo. Haga clic en el icono \"Insertar fotograma clave automático\" en la cronología. Ahora mueva el bote hacia el borde superior derecho del escenario como se muestra en el vídeo.",
  "card5StepInfo" : "4 de 5",
  "card5PosAction" : "Siguiente",
  "card5NegAction" : "Anterior",
  "card5Node" : "PanelID_266$$-1/0/OS_ViewContainer,0/1/UI_ScrollView,0/1/UI_ScrollTransformView,0/1/UI_SubView,0/1/TimelinePanelRoot,0/1/TrackControl,0/1/TimelineHeader,0/1/HeaderLeftControls,0/1/TimelineDisplayModeButton",
  "card6title" : "Crear interpolación clásica",
  "card6Description" : "Haga clic en cualquier parte de la capa de bote (fotogramas 1-500) y haga clic en el botón \"Crear interpolación clásica\". \nVea la animación haciendo clic en el icono \"Probar película\" en la ventana superior derecha de la aplicación.",
  "card6StepInfo" : "5 de 5",
  "card6PosAction" : "Siguiente",
  "card6NegAction" : "Anterior",
  "card6Node" : "PanelID_266$$-1/0/OS_ViewContainer,0/1/UI_ScrollView,0/1/UI_ScrollTransformView,0/1/UI_SubView,0/1/TimelinePanelRoot,0/1/TrackControl,0/1/TimelineHeader,0/1/HeaderRightControls,0/1/StatusWindow,0/1/OnionSkinControls,0/1/TimelineTween",
  "card7title" : "Compartir en medios sociales",
  "card7Description" : "Comparta su animación en medios sociales como se muestra en el vídeo.",
  "card7StepInfo" : "",
  "card7PosAction" : "Siguiente",
  "card7NegAction" : "Anterior",
  "card7Node" : "%DocName$$-1/0/OS_ViewContainer,0/1/UI_ScrollView,0/1/UI_ScrollTransformView,0/1/UI_SubView,4/1/UI_SubView,0/1/UI_ControlsContainer,0/1/UI_ScrollTransformView,0/1/UI_SubView,0/1/parentSubview,0/1/StageClipperButton",
  "card8title" : "¡Enhorabuena!",
  "card8Description" : "¡Felicitaciones por completar este tutorial! Ha aprendido los aspectos básicos de la animación, incluidos los fotogramas, los fotogramas clave, el símbolo gráfico, la interpolación clásica y mucho más. ¡Siga adelante!",
  "card8StepInfo" : "",
  "card8PosAction" : "Fin",
  "card8NegAction" : "Anterior"
}