{"name":"Rotating Earth","title":"Rotating Earth","description":"","card1title":"Introduction","card1Description":"In this tutorial we will create a rotating Earth.  We will learn the concepts of frames, keyframes, tweening, masking and much more.","card1StepInfo":"","card1PosAction":"Start","card1NegAction":"Previous","card2title":"Create Graphic symbols","card2Description":"Select the sphere object on the stage, goto 'Properties' panel -> 'Object' tab and click on 'Convert to Symbol' icon.  Name it  as 'Earth' and set 'Type' as 'Graphic'.  Select the map object on the stage then convert it to a Graphic symbol and name it as 'WorldMap'.","card2StepInfo":"1 of 6","card2PosAction":"Next","card2NegAction":"Previous","card2Node":"PanelID_266$$-1/0/OS_ViewContainer,0/1/UI_ScrollView,0/1/UI_ScrollTransformView,0/1/UI_SubView,0/1/TimelinePanelRoot,0/1/TrackControl,0/1/TimelineHeader,0/1/HeaderRightControls,0/1/ZoomControls,0/1/TimelineCellMode","card3title":"Add alpha to the Earth symbol","card3Description":"Select the 'Earth' symbol, go to 'Properties' Panel -> 'Object' tab -> 'Color Effects' section and select 'Alpha' from the dropdown and  set alpha value to 40%.","card3StepInfo":"2 of 6","card3PosAction":"Next","card3NegAction":"Previous","card3Node":"PanelID_266$$-1/0/OS_ViewContainer,0/1/UI_ScrollView,0/1/UI_ScrollTransformView,0/1/UI_SubView,0/1/TimelinePanelRoot,0/1/TrackControl,0/1/TimelineHeader,0/1/HeaderRightControls,0/1/ZoomControls,0/1/TimelineCellMode","card4title":"Extend the timeline","card4Description":" Click on Frame 40 of the mask layer and hold down shift key then click on frame 40 of remaining layers. Now press 'F5' to extend the timeline for all the layers.","card4StepInfo":"3 of 6","card4PosAction":"Next","card4NegAction":"Previous","card4Node":"PanelID_266$$-1/0/OS_ViewContainer,0/1/UI_ScrollView,0/1/UI_ScrollTransformView,0/1/UI_SubView,0/1/TimelinePanelRoot,0/1/TrackControl,0/1/TimelineHeader,0/1/HeaderLeftControls,0/1/AdvancedFeatureControls,0/1/TimelineLayerDepthPanelButton","card5title":"Move the Worldmap symbol","card5Description":"Click on the 'Map' layer and move the 'WorldMap' symbol on the stage to the left such that it aligns with the right edge of the spherical 'Earth' symbol as shown in the above video.","card5StepInfo":"4 of 6","card5PosAction":"Next","card5NegAction":"Previous","card5Node":"PanelID_273$$-1/0/OS_ViewContainer,0/1/UI_ScrollView,0/1/UI_ScrollTransformView,0/1/UI_SubView,0/1/ToolPanelRoot,0/1/ToolsContainer,0/1/33507","card6title":"Create a Classic tween","card6Description":"Click on any frame from 1 to 40 of the Map layer then click on 'Create Classic Tween' button in Timeline panel.","card6StepInfo":"5 of 6","card6PosAction":"Next","card6NegAction":"Previous","card6Node":"PanelID_266$$-1/0/OS_ViewContainer,0/1/UI_ScrollView,0/1/UI_ScrollTransformView,0/1/UI_SubView,0/1/TimelinePanelRoot,0/1/TrackControl,0/1/TimelineHeader,0/1/HeaderRightControls,0/1/StatusWindow,0/1/OnionSkinControls,0/1/TimelineTween","card7title":"Setup the Mask layer","card7Description":"Right click on the 'Mask' layer and choose Mask option from the context menu. The Earth layer will automatically nest below the 'Mask' layer.  Nest the 'Map' layer as well by drag and dropping it just below the Earth layer as shown in the above video. \nView the Animation by clicking on 'Test Movie' icon on the top-right of application window.","card7StepInfo":"6 of 6","card7PosAction":"Next","card7NegAction":"Previous","card7Node":"PanelID_266$$-1/0/OS_ViewContainer,0/1/UI_ScrollView,0/1/UI_ScrollTransformView,0/1/UI_SubView,0/1/TimelinePanelRoot,0/1/TrackControl,0/1/TimelineHeader,0/1/HeaderLeftControls,0/1/AdvancedFeatureControls,0/1/ParentingTabButton","card8title":"Personalize background color","card8Description":"Click on an empty area of the stage. Goto 'Properties panel' -> 'Doc' tab -> 'Document Settings' section and set the stage color of your choice. ","card8StepInfo":"","card8PosAction":"Next","card8NegAction":"Previous","card8Node":"PanelID_266$$-1/0/OS_ViewContainer,0/1/UI_ScrollView,0/1/UI_ScrollTransformView,0/1/UI_SubView,0/1/TimelinePanelRoot,0/1/TrackControl,0/1/TimelineHeader,0/1/HeaderRightControls,0/1/ZoomControls,0/1/TimelineCellMode","card9title":"Share on Social Media","card9Description":"Share your animation on social media as shown in the video.","card9StepInfo":"","card9PosAction":"Next","card9NegAction":"Previous","card9Node":"%DocName$$-1/0/OS_ViewContainer,0/1/UI_ScrollView,0/1/UI_ScrollTransformView,0/1/UI_SubView,4/1/UI_SubView,0/1/UI_ControlsContainer,0/1/UI_ScrollTransformView,0/1/UI_SubView,0/1/parentSubview,0/1/StageClipperButton","card10title":"Congratulations!","card10Description":"Congratulations on completing this tutorial.  You've learnt the concepts of frames, keyframes, timeline, tweening, masking and more.  Keep going!","card10StepInfo":"","card10PosAction":"End","card10NegAction":"Previous"}