{"name":"Walk Animation - Frame Effects","title":"Walk Animation - Frame Effects","description":"","card1title":"Set Stage to Fit Window","card1Description":"In this tutorial we will continue from where we left in the last tutorial - 'Walk Animation- Assemble'.\n\nChange the Stage size to 'Fit in Window'","card1StepInfo":"1 of 9","card1PosAction":"Next","card1NegAction":"Previous","card1Node":"%DocName$$-1/0/OS_ViewContainer,0/1/UI_ScrollView,0/1/UI_ScrollTransformView,0/1/UI_SubView,4/1/UI_SubView,0/1/UI_ControlsContainer,0/1/UI_ScrollTransformView,0/1/UI_SubView,0/1/parentSubview,0/1/UI_UnitNumberEdit,2/1/UI_SubView,0/1/UI_UnitNumberEdit_PopupList","card2title":"Adding New Layer","card2Description":" Create a new layer and name it Moon","card2StepInfo":"2 of 9","card2PosAction":"Next","card2NegAction":"Previous","card2Node":"PanelID_266$$-1/0/OS_ViewContainer,0/1/UI_ScrollView,0/1/UI_ScrollTransformView,0/1/UI_SubView,0/1/TimelinePanelRoot,0/1/TrackControl,0/1/LayerHeader,0/1/LayerHeaderLeftControls,0/1/TimelineNewLayer","card3title":"Add Moon to Stage","card3Description":"Drag 'Moon & Stars'  asset from Assets panel and drop it on to the Stage","card3StepInfo":"3 of 9","card3PosAction":"Next","card3NegAction":"Previous","card3Node":"PanelID_601$$-1/0/OS_ViewContainer,0/1/UI_SubView,6/1/UI_SubView","card4title":"Select Frame","card4Description":"Select a frame on Moon layer","card4StepInfo":"4 of 9","card4PosAction":"Next","card4NegAction":"Previous","card4Node":"PanelID_266$$-1/0/OS_ViewContainer,0/1/UI_ScrollView,0/1/UI_ScrollTransformView,0/1/UI_SubView,0/1/TimelinePanelRoot,0/1/TrackControl,0/1/LayerHeader","card5title":"Switch to Property Panel","card5Description":"Click on the property tab at top right. \n\nThis panel displays properties for the currently selected object on the stage or the timeline","card5StepInfo":"5 of 9","card5PosAction":"Next","card5NegAction":"Previous","card5Node":"PanelID_601$$-1/0/OS_ViewContainer,0/1/UI_SubView,6/1/UI_SubView","card6title":"Add Filter","card6Description":"Click on '+' icon in Filter section and select Glow filter","card6StepInfo":"6 of 9","card6PosAction":"Next","card6NegAction":"Previous","card6Node":"PanelID_268$$-1/0/OS_ViewContainer","card7title":"Set Filter Parameters","card7Description":"Set Blur X and Blur Y to 130 and Color to Light Blue","card7StepInfo":"7 of 9","card7PosAction":"Next","card7NegAction":"Previous","card7Node":"PanelID_268$$-1/0/OS_ViewContainer,0/1/UI_ScrollView,0/1/UI_ScrollTransformView,0/1/UI_SubView,0/1/UI_SubView,0/1/UI_SubView,0/1/UI_TabViewContainer,1/1/UI_TabView,2/1/UI_ScrollView,0/1/UI_ScrollTransformView,0/1/UI_SubView,0/1/an::UI_ArrangeablePlacardView,0/1/piFilters,1/1/UI_SubView","card8title":"Test Animation","card8Description":"Test the animation","card8StepInfo":"8 of 9","card8PosAction":"Next","card8NegAction":"Previous","card8Node":"PanelID_508$$-1/0/OS_ViewContainer,0/1/UI_ScrollView,0/1/UI_ScrollTransformView,0/1/UI_SubView,0/1/appHeaderCommandsPanel,0/1/UI_AppHeader_Play","card9title":"Congratulation","card9Description":"Congratulation on completing this tutorial!\n\nIn this tutorial you learnt how to add Filter Effect to a frame","card9StepInfo":"9 of 9","card9PosAction":"End","card9NegAction":"Previous"}