{"name":"Walk Animation - Assemble","title":"Walk Animation - Assemble","description":"","card1title":"Set Stage to Fit Window","card1Description":"Change the Stage size to 'Fit in Window'","card1StepInfo":"1 of 14","card1PosAction":"Next","card1NegAction":"Previous","card1Node":"%DocName$$-1/0/OS_ViewContainer,0/1/UI_ScrollView,0/1/UI_ScrollTransformView,0/1/UI_SubView,4/1/UI_SubView,0/1/UI_ControlsContainer,0/1/UI_ScrollTransformView,0/1/UI_SubView,0/1/parentSubview,0/1/UI_UnitNumberEdit,2/1/UI_SubView,0/1/UI_UnitNumberEdit_PopupList","card2title":"Add a Character","card2Description":"Drag and drop the 'Boy Trekker' character from the Assets Panel as shown above.","card2StepInfo":"2 of 14","card2PosAction":"Next","card2NegAction":"Previous","card2Node":"PanelID_601$$-1/0/OS_ViewContainer,0/1/UI_SubView,6/1/UI_SubView","card3title":"Test Your Animation","card3Description":"Test your animation by clicking on the 'Test Movie' button.  You should see the Character walking.  \n\nOnce done, close the panel.","card3StepInfo":"3 of 14","card3PosAction":"Next","card3NegAction":"Previous","card3Node":"PanelID_508$$-1/0/OS_ViewContainer,0/1/UI_ScrollView,0/1/UI_ScrollTransformView,0/1/UI_SubView,0/1/appHeaderCommandsPanel,0/1/UI_AppHeader_Play","card4title":"Rename Your Layer","card4Description":"It is a good practice to label your layers correctly.  We currently have one layer that has our character.  \n\nLabel the layer as 'Character' by double clicking on the name.","card4StepInfo":"4 of 14","card4PosAction":"Next","card4NegAction":"Previous","card4Node":"PanelID_266$$-1/0/OS_ViewContainer,0/1/UI_ScrollView,0/1/UI_ScrollTransformView,0/1/UI_SubView,0/1/TimelinePanelRoot,0/1/TrackControl,0/1/LayerHeader","card5title":"Add a New Layer","card5Description":"Let us enhance our animation by adding a background.  \n\nAdd a layer by clicking on the '+' icon.  \n\nRename the layer as 'Background' by double clicking on the name similar to last step.","card5StepInfo":"5 of 14","card5PosAction":"Next","card5NegAction":"Previous","card5Node":"PanelID_266$$-1/0/OS_ViewContainer,0/1/UI_ScrollView,0/1/UI_ScrollTransformView,0/1/UI_SubView,0/1/TimelinePanelRoot,0/1/TrackControl,0/1/LayerHeader,0/1/LayerHeaderLeftControls,0/1/TimelineNewLayer","card6title":"Add a Background","card6Description":"Make sure Background layer is the active layer by clicking on that layer.  \n\nNow,  drag and drop a background image on the stage from the Assets Panel.  \n\nMove the background to align the top-left corner of the image to the top-left of the stage.  \n\nDon't worry if your character disappears.","card6StepInfo":"6 of 14","card6PosAction":"Next","card6NegAction":"Previous","card6Node":"PanelID_601$$-1/0/OS_ViewContainer,0/1/UI_SubView,6/1/UI_SubView","card7title":"Order Your Layers","card7Description":"Your character  has disappeared from the stage as it is currently behind the background layer.  \n\nDrag the 'Character' layer above the 'Background' layer.  Your character shows up now.","card7StepInfo":"7 of 14","card7PosAction":"Next","card7NegAction":"Previous","card7Node":"PanelID_266$$-1/0/OS_ViewContainer,0/1/UI_ScrollView,0/1/UI_ScrollTransformView,0/1/UI_SubView,0/1/TimelinePanelRoot,0/1/TrackControl,0/1/LayerHeader","card8title":"Test Your Animation","card8Description":"Let's test our animation by clicking the 'Test Movie' button. \n\nIt is working but the man is walking at the same place. \n\nLet's move the background to give an illusion of man moving forward while staying at the center of the view.","card8StepInfo":"8 of 14","card8PosAction":"Next","card8NegAction":"Previous","card8Node":"PanelID_508$$-1/0/OS_ViewContainer,0/1/UI_ScrollView,0/1/UI_ScrollTransformView,0/1/UI_SubView,0/1/appHeaderCommandsPanel,0/1/UI_AppHeader_Play","card9title":"Information on Tweening","card9Description":"In order to add motion to the background, we need to apply what is known as a 'Tween'.  We will be using 'Motion Tween' for this purpose.  Next few steps will explain how to do this.\n\nClicking on 'Open Help & Next' button will take you to the help page for 'Motion Tween' in the browser and move to the next step.\n\nComeback to the tutorial after reading the documentation.","card9StepInfo":"","card9PosAction":"Open Help & Next","card9NegAction":"Previous","card10title":"Extend Duration of Your Animation","card10Description":"We will create an animation that is 150 frames long.  \n\nTo do this click on 150th frame on Character layer.   \n\nLong press on 'Insert Keyframe' button and select 'Frame' option.  \n\nThen select 150th frame on Background layer and click on the same (Frame) button.","card10StepInfo":"9 of 14","card10PosAction":"Next","card10NegAction":"Previous","card10Node":"PanelID_266$$-1/0/OS_ViewContainer,0/1/UI_ScrollView,0/1/UI_ScrollTransformView,0/1/UI_SubView,0/1/TimelinePanelRoot,0/1/TrackControl,0/1/TimelineHeader,0/1/HeaderRightControls,0/1/StatusWindow,0/1/FrameControls,0/1/KeyframeButton","card11title":"Add Motion Tween","card11Description":"Click on the last frame on Background layer. \n\nThen long press left mouse button on the 'Tween' button and select 'Motion Tween'","card11StepInfo":"10 of 14","card11PosAction":"Next","card11NegAction":"Previous","card11Node":"PanelID_266$$-1/0/OS_ViewContainer,0/1/UI_ScrollView,0/1/UI_ScrollTransformView,0/1/UI_SubView,0/1/TimelinePanelRoot,0/1/TrackControl,0/1/TimelineHeader,0/1/HeaderRightControls,0/1/StatusWindow,0/1/OnionSkinControls,0/1/TimelineTween","card12title":"Move Background Image","card12Description":"Move the background image on the stage to the left so that top right corner of the image matched top right corner of the stage.","card12StepInfo":"11 of 14","card12PosAction":"Next","card12NegAction":"Previous","card13title":"Test Your Animation","card13Description":"Test your animation by clicking on the 'Test Movie' button.  \n\nYou should see the man walking and also moving.  We did this by moving the background and hence creating this illusion.","card13StepInfo":"12 of 14","card13PosAction":"Next","card13NegAction":"Previous","card13Node":"PanelID_508$$-1/0/OS_ViewContainer,0/1/UI_ScrollView,0/1/UI_ScrollTransformView,0/1/UI_SubView,0/1/appHeaderCommandsPanel,0/1/UI_AppHeader_Play","card14title":"Share Animation on Twitter","card14Description":"If you wish, share your animation on Twitter by clicking on the Quick Share button.\n\nEnter the Tweet message and click 'Share' button. You will be asked to login to Twitter if not already logged in. \n\nAnimate hands over control to AME (Adobe Media Encoder) to convert video.  AME takes some time to launch, so please be patient.\n\nComeback to Animate if focus shifts to AME after launching.","card14StepInfo":"13 of 14","card14PosAction":"Next","card14NegAction":"Previous","card15title":"Congratulations!","card15Description":"Congratulations on completing this tutorial! In this tutorial you learnt : \n - Using assets from the Assets Panel\n - Creating and renaming layers\n - Changing layer order\n - Adding Motion Tween\n - Testing our animation and finally \n - Sharing it on Twitter\n\nClick on 'Next Tutorial' if you would like to go to the next tutorial in the series. Else click 'Skip Tour' link at top right corner of this card.","card15StepInfo":"14 of 14","card15PosAction":"Next Tutorial","card15NegAction":"Previous"}