<?xml version='1.0' encoding='utf-8' standalone='no' ?>
<AS2LintWarnings>
	
<warnings>
	<!-- General warnings for things which might be legal code, but are likely not what the author inteded -->
    <warning id="1100" enabled="true" label="kWarning_AssignmentWithinConditional">Asignación dentro de la condición.</warning>
    <warning id="1112" enabled="true" label="kWarning_BadArrayCast">Puede que se haya producido una operación de conversión de Array no válida.</warning>
    <warning id="3590" enabled="true" label="kWarning_BadBoolAssignment">Se ha utilizado un valor no booleano en un lugar en el que se esperaba un valor booleano.</warning>
    <warning id="3575" enabled="true" label="kWarning_BadDateCast">Operación de conversión de fecha no válida.</warning>
    <warning id="3594" enabled="true" label="kWarning_BadES3TypeMethod">Método desconocido.</warning>
    <warning id="3592" enabled="true" label="kWarning_BadES3TypeProp">Propiedad desconocida.</warning>
    <warning id="1098" enabled="true" label="kWarning_BadNaNComparision">Comparación ilógica con NaN. Toda operación de comparación que implique NaN se evaluará como false porque NaN != NaN.</warning>
    <warning id="1102" enabled="true" label="kWarning_BadNullAssignment">Asignación imposible de null.</warning>
    <warning id="1096" enabled="true" label="kWarning_BadNullComparision">Comparación ilógica con null.</warning>
    <warning id="1012" enabled="true" label="kWarning_BadUndefinedComparision">Comparación ilógica con undefined.  Sólo las variables sin tipo asignado (o variables de tipo *) pueden ser undefined.</warning>
    <warning id="3583" enabled="true" label="kWarning_DuplicateArgumentNames">Varios argumentos tienen el mismo nombre.</warning>
    <warning id="3596" enabled="true" label="kWarning_DuplicateVariableDef">Definición de variable duplicada.</warning>
    <warning id="1092" enabled="true" label="kWarning_NegativeUintLiteral">Un valor negativo se convertirá en un valor positivo grande al asignarlo a un tipo de datos uint.</warning>
    <warning id="3553" enabled="true" label="kWarning_UnlikelyFunctionValue">Puede que falte un paréntesis.</warning>

    <!-- Coding style preference warnings. Use these warnings if you want to be reminded to always use type declarations, acess/namespace attributes, etc. -->
    <warning id="1008" enabled="false" label="kWarning_NoTypeDecl">Falta la declaración de tipo.</warning>
    <warning id="1084" enabled="false" label="kWarning_MissingNamespaceDecl">Falta la declaración de espacio de nombres (es decir, la variable no se ha definido como public, private, etc.).</warning>
    <warning id="1110" enabled="true" label="kWarning_ConstNotInitialized">Constante no inicializada.</warning>
    <warning id="1114" enabled="false" label="kWarning_NoExplicitSuperCallInConstructor">No se ha llamado a la sentencia super() dentro del constructor.</warning>
    <warning id="1104" enabled="false" label="kWarning_NoConstructor">Falta el constructor.</warning>
    
    <!-- Warnings to aid migrating code from AS2 to AS3 -->
    <warning id="1090" enabled="true" label="kWarning_DepricatedEventHandlerError">No se ha añadido EventHandler como detector.</warning>
    <warning id="1060" enabled="true" label="kWarning_DepricatedFunctionError">Función de ActionScript 2.0 no admitida.</warning>
    <warning id="1058" enabled="true" label="kWarning_DepricatedPropertyError">Propiedad de ActionScript 2.0 no admitida.</warning>
    <warning id="1044" enabled="false" label="kWarning_ArrayToStringChanges">El formato de Array.toString() ha cambiado.</warning>
    <warning id="1034" enabled="false" label="kWarning_BooleanConstructorWithNoArgs">Boolean() sin argumentos devuelve false en ActionScript 3.0.  Boolean() devolvía undefined en ActionScript 2.0.</warning>
    <warning id="1066" enabled="true" label="kWarning_ChangesInResolve">__resolve ya no se admite.</warning>
    <warning id="1072" enabled="true" label="kWarning_ClassIsSealed">Clase cerrada.  No es posible añadir a ella miembros dinámicamente.</warning>
    <warning id="1030" enabled="false" label="kWarning_ConstructorReturnsValue">La función utilizada en una expresión new devuelve un valor.  El resultado será lo que la función devuelve, en lugar de una nueva instancia de dicha función.</warning>
    <warning id="1086" enabled="false" label="kWarning_ForVarInChanges">ActionScript 3.0 repite las propiedades de un objeto dentro de una sentencia "for x in target" en orden aleatorio.</warning>
    <warning id="3555" enabled="true" label="kWarning_InstanceOfChanges">Utilice el operador instanceof.</warning>
    <warning id="1070" enabled="true" label="kWarning_LevelNotSupported">_level ya no se admite. Para más información, consulte el paquete flash.display.</warning>
    <warning id="1038" enabled="false" label="kWarning_NumberFromStringChanges">En ActionScript 3.0, el espacio en blanco no se tiene en cuenta y '' devuelve 0. Number() devuelve NaN en ActionScript 2.0 cuando el parámetro es '' o contiene espacio en blanco.</warning>
    <warning id="1082" enabled="false" label="kWarning_ScopingChangeInThis">Cambio en el ámbito de la palabra clave this.  Los métodos de clases extraídos de una instancia de una clase siempre se resuelven en dicha instancia.  En ActionScript 2.0, esto se consulta dinámicamente en función del lugar desde el que se haya invocado el método.</warning>
    <warning id="3551" enabled="true" label="kWarning_SlowTextFieldAddition">Uso ineficiente de += en un TextField.</warning>
    <warning id="3573" enabled="false" label="kWarning_XML_ClassHasChanged">Posible uso de la clase XML de ActionScript 2.0.</warning>
</warnings>

</AS2LintWarnings>
