<?xml version="1.0" encoding="UTF-8" standalone="yes"?>
<user-workspace application-version="6.0" build-number="266">
<PaletteWorkspace FeatureSet="512" version="2.0">
<OWLWorkspaceBookmark bookmarkdata="workspacedata-is-in-CDATA-section">
<![CDATA[<workspace version="1">
	<dock anchor="top" content="multi-control-bar" is-closed="false">
		<control-bar-pane >
			<control-bar id="0053084E" origin="0 0" size="274 26" is-closed="false" app-data="#lt;OWLPaletteLeaf name=#quot;Command Bar#quot; id=#quot;46337#quot; detailLevel=#quot;0#quot; closed=#quot;false#quot;>
#lt;ControlSet id=#quot;46386#quot; visible=#quot;true#quot;>
#lt;/ControlSet>
#lt;ControlSet id=#quot;46387#quot; visible=#quot;true#quot;>
#lt;/ControlSet>
#lt;ControlSet id=#quot;1112#quot; visible=#quot;true#quot;>
#lt;/ControlSet>
#lt;ControlSet id=#quot;1113#quot; visible=#quot;true#quot;>
#lt;/ControlSet>
#lt;/OWLPaletteLeaf>
"/>
			<control-bar id="00660866" origin="292 0" size="323 26" is-closed="true" app-data="#lt;OWLPaletteLeaf name=#quot;Change Tracking Toolbar#quot; id=#quot;42299#quot; detailLevel=#quot;0#quot; closed=#quot;true#quot;>
#lt;ControlSet id=#quot;42316#quot; visible=#quot;true#quot;>
#lt;/ControlSet>
#lt;ControlSet id=#quot;42296#quot; visible=#quot;true#quot;>
#lt;/ControlSet>
#lt;ControlSet id=#quot;42297#quot; visible=#quot;true#quot;>
#lt;/ControlSet>
#lt;ControlSet id=#quot;1102#quot; visible=#quot;true#quot;>
#lt;/ControlSet>
#lt;ControlSet id=#quot;1103#quot; visible=#quot;true#quot;>
#lt;/ControlSet>
#lt;/OWLPaletteLeaf>
"/>
			<control-bar id="005C0BA6" origin="292 -3" size="732 31" is-closed="false" app-data="#lt;OWLPaletteLeaf name=#quot;Character#quot; id=#quot;26901#quot; detailLevel=#quot;0#quot; closed=#quot;false#quot;>
#lt;ControlSet id=#quot;27053#quot; visible=#quot;true#quot;>
#lt;/ControlSet>
#lt;ControlSet id=#quot;27054#quot; visible=#quot;true#quot;>
#lt;/ControlSet>
#lt;ControlSet id=#quot;27055#quot; visible=#quot;false#quot;>
#lt;/ControlSet>
#lt;ControlSet id=#quot;27056#quot; visible=#quot;false#quot;>
#lt;/ControlSet>
#lt;/OWLPaletteLeaf>
"/>
			<control-bar id="00620C28" origin="942 -3" size="742 31" is-closed="false" app-data="#lt;OWLPaletteLeaf name=#quot;Paragraph#quot; id=#quot;27162#quot; detailLevel=#quot;0#quot; closed=#quot;false#quot;>
#lt;ControlSet id=#quot;27302#quot; visible=#quot;true#quot;>
#lt;/ControlSet>
#lt;ControlSet id=#quot;27303#quot; visible=#quot;false#quot;>
#lt;/ControlSet>
#lt;ControlSet id=#quot;27304#quot; visible=#quot;false#quot;>
#lt;/ControlSet>
#lt;ControlSet id=#quot;27305#quot; visible=#quot;false#quot;>
#lt;/ControlSet>
#lt;/OWLPaletteLeaf>
"/>
		</control-bar-pane>
	</dock>
	<dock anchor="bottom" content="multi-control-bar" is-closed="false">
		<control-bar-pane >
			<control-bar id="003F08BA" origin="0 0" size="324 26" is-closed="false" app-data="#lt;OWLPaletteLeaf name=#quot;Galley Controls#quot; id=#quot;62518#quot; detailLevel=#quot;0#quot; closed=#quot;false#quot;>
#lt;ControlSet id=#quot;62521#quot; visible=#quot;true#quot;>
#lt;/ControlSet>
#lt;ControlSet id=#quot;62531#quot; visible=#quot;true#quot;>
#lt;/ControlSet>
#lt;/OWLPaletteLeaf>
"/>
			<control-bar id="00460902" origin="342 0" size="439 26" is-closed="false" app-data="#lt;OWLPaletteLeaf name=#quot;Copyfit Info#quot; id=#quot;63745#quot; detailLevel=#quot;0#quot; closed=#quot;false#quot;>
#lt;ControlSet id=#quot;63749#quot; visible=#quot;true#quot;>
#lt;/ControlSet>
#lt;ControlSet id=#quot;63750#quot; visible=#quot;false#quot;>
#lt;/ControlSet>
#lt;ControlSet id=#quot;63751#quot; visible=#quot;false#quot;>
#lt;/ControlSet>
#lt;ControlSet id=#quot;63752#quot; visible=#quot;false#quot;>
#lt;/ControlSet>
#lt;ControlSet id=#quot;63763#quot; visible=#quot;true#quot;>
#lt;/ControlSet>
#lt;/OWLPaletteLeaf>
"/>
		</control-bar-pane>
	</dock>
	<dock anchor="left" content="palette toolbar" is-closed="false">
		<toolbar id="006309C2" origin="1 24" size-variant="vertical-narrow" is-closed="false" app-data="#lt;OWLPaletteLeaf id=#quot;4353#quot; closed=#quot;false#quot;>
#lt;/OWLPaletteLeaf>
"/>
	</dock>
	<dock anchor="right" content="palette toolbar" is-closed="false">
		<tab-pane mode="icon" preferred-iconic-length="157" layout-mode="auto-flow">
			<tab-group active-palette="0079098E" is-closed="false">
				<palette id="004508CA" is-closed="false" preferred-unconstrained-size="240 222" preferred-constrained-size="240 222" current-state="2" is-minimized="false" app-data="#lt;OWLPaletteLeaf name=#quot;Text Macros#quot; id=#quot;64257#quot; minimized=#quot;false#quot; resizeable=#quot;true#quot; detailLevel=#quot;1#quot; closed=#quot;false#quot;>
#lt;/OWLPaletteLeaf>
" host-cached-sizes="false"/>
				<palette id="0079098E" is-closed="false" preferred-unconstrained-size="240 296" preferred-constrained-size="240 296" current-state="1" is-minimized="false" app-data="#lt;OWLPaletteLeaf name=#quot;Hyperlinks#quot; id=#quot;79361#quot; minimized=#quot;false#quot; resizeable=#quot;true#quot; detailLevel=#quot;1#quot; listBoxDetailLevel=#quot;0#quot; closed=#quot;false#quot;>
#lt;/OWLPaletteLeaf>
" host-cached-sizes="false"/>
			</tab-group>
			<tab-group active-palette="00500864" is-closed="false">
				<palette id="003B082C" is-closed="false" preferred-unconstrained-size="240 298" preferred-constrained-size="240 298" current-state="1" is-minimized="false" app-data="#lt;OWLPaletteLeaf name=#quot;Thesaurus#quot; id=#quot;69121#quot; minimized=#quot;false#quot; resizeable=#quot;true#quot; detailLevel=#quot;0#quot; closed=#quot;false#quot;>
#lt;/OWLPaletteLeaf>
" host-cached-sizes="false"/>
				<palette id="00500864" is-closed="false" preferred-unconstrained-size="240 266" preferred-constrained-size="240 266" current-state="1" is-minimized="false" app-data="#lt;OWLPaletteLeaf name=#quot;#hash;CondTextUI_PanelName#quot; id=#quot;133121#quot; minimized=#quot;false#quot; resizeable=#quot;true#quot; detailLevel=#quot;0#quot; closed=#quot;false#quot;>
#lt;/OWLPaletteLeaf>
" host-cached-sizes="false"/>
			</tab-group>
			<tab-group active-palette="005009A6" is-closed="false">
				<palette id="005009A6" is-closed="false" preferred-unconstrained-size="240 158" preferred-constrained-size="240 158" current-state="2" is-minimized="false" app-data="#lt;OWLPaletteLeaf name=#quot;Assignments#quot; id=#quot;104961#quot; minimized=#quot;false#quot; resizeable=#quot;true#quot; detailLevel=#quot;0#quot; closed=#quot;false#quot;>
#lt;ControlSet id=#quot;104964#quot; visible=#quot;true#quot;>
#lt;/ControlSet>
#lt;/OWLPaletteLeaf>
" host-cached-sizes="false"/>
			</tab-group>
		</tab-pane>
	</dock>
	<dock anchor="none" content="palette toolbar" origin="697 485" is-closed="true">
		<tab-pane mode="expanded" preferred-iconic-length="0" layout-mode="manual">
			<tab-group active-palette="002D08B4" is-closed="false">
				<palette id="002D08B4" is-closed="false" preferred-unconstrained-size="240 141" preferred-constrained-size="240 141" current-state="2" is-minimized="false" app-data="#lt;OWLPaletteLeaf name=#quot;Tag_PanelName#quot; id=#quot;78603#quot; minimized=#quot;false#quot; resizeable=#quot;true#quot; NeverShown=#quot;true#quot; detailLevel=#quot;0#quot; listBoxDetailLevel=#quot;0#quot; closed=#quot;false#quot;>
#lt;/OWLPaletteLeaf>
" host-cached-sizes="false"/>
			</tab-group>
		</tab-pane>
	</dock>
	<dock anchor="none" content="palette toolbar" origin="697 485" is-closed="true">
		<tab-pane mode="expanded" preferred-iconic-length="0" layout-mode="manual">
			<tab-group active-palette="00320806" is-closed="false">
				<palette id="00320806" is-closed="false"  current-state="1" is-minimized="false" app-data="#lt;OWLPaletteLeaf name=#quot;SP_Story#quot; id=#quot;21249#quot; minimized=#quot;false#quot; resizeable=#quot;false#quot; NeverShown=#quot;true#quot; detailLevel=#quot;0#quot; closed=#quot;false#quot;>
#lt;/OWLPaletteLeaf>
" host-cached-sizes="false"/>
			</tab-group>
		</tab-pane>
	</dock>
	<dock anchor="none" content="palette toolbar" origin="697 485" is-closed="true">
		<tab-pane mode="expanded" preferred-iconic-length="0" layout-mode="manual">
			<tab-group active-palette="00450A9C" is-closed="false">
				<palette id="00450A9C" is-closed="false" preferred-unconstrained-size="240 134" preferred-constrained-size="240 134" current-state="2" is-minimized="false" app-data="#lt;OWLPaletteLeaf name=#quot;Script_PanelName#quot; id=#quot;52229#quot; minimized=#quot;false#quot; resizeable=#quot;true#quot; NeverShown=#quot;true#quot; detailLevel=#quot;1#quot; closed=#quot;false#quot;>
#lt;/OWLPaletteLeaf>
" host-cached-sizes="false"/>
			</tab-group>
		</tab-pane>
	</dock>
	<dock anchor="none" content="palette toolbar" origin="697 485" is-closed="true">
		<tab-pane mode="expanded" preferred-iconic-length="0" layout-mode="manual">
			<tab-group active-palette="00860A8C" is-closed="false">
				<palette id="00860A8C" is-closed="false" preferred-unconstrained-size="240 275" preferred-constrained-size="240 275" current-state="1" is-minimized="false" app-data="#lt;OWLPaletteLeaf name=#quot;Notes#quot; id=#quot;47911#quot; minimized=#quot;false#quot; resizeable=#quot;true#quot; NeverShown=#quot;true#quot; detailLevel=#quot;1#quot; closed=#quot;false#quot;>
#lt;/OWLPaletteLeaf>
" host-cached-sizes="false"/>
			</tab-group>
		</tab-pane>
	</dock>
	<dock anchor="none" content="palette toolbar" origin="697 485" is-closed="true">
		<tab-pane mode="expanded" preferred-iconic-length="0" layout-mode="manual">
			<tab-group active-palette="003E0896" is-closed="false">
				<palette id="003E0896" is-closed="false"  current-state="1" is-minimized="false" app-data="#lt;OWLPaletteLeaf name=#quot;Change Info#quot; id=#quot;42300#quot; minimized=#quot;false#quot; resizeable=#quot;false#quot; NeverShown=#quot;true#quot; detailLevel=#quot;0#quot; closed=#quot;false#quot;>
#lt;ControlSet id=#quot;1200#quot; visible=#quot;true#quot;>
#lt;/ControlSet>
#lt;ControlSet id=#quot;1201#quot; visible=#quot;true#quot;>
#lt;/ControlSet>
#lt;/OWLPaletteLeaf>
" host-cached-sizes="false"/>
			</tab-group>
		</tab-pane>
	</dock>
	<dock anchor="none" content="palette toolbar" origin="697 485" is-closed="true">
		<tab-pane mode="expanded" preferred-iconic-length="0" layout-mode="manual">
			<tab-group active-palette="0066096E" is-closed="false">
				<palette id="0066096E" is-closed="false" preferred-unconstrained-size="240 207" preferred-constrained-size="240 361" current-state="1" is-minimized="false" app-data="#lt;OWLPaletteLeaf name=#quot;Swatches#quot; id=#quot;16385#quot; minimized=#quot;false#quot; resizeable=#quot;true#quot; NeverShown=#quot;true#quot; detailLevel=#quot;0#quot; listBoxDetailLevel=#quot;0#quot; closed=#quot;false#quot;>
#lt;ControlSet id=#quot;16496#quot; visible=#quot;true#quot;>
#lt;/ControlSet>
#lt;SwatchesPanelOptions displayFilter=#quot;0#quot; colorViewStyle=#quot;16388#quot; gradientViewStyle=#quot;16388#quot; bothViewStyle=#quot;16388#quot;>
#lt;/SwatchesPanelOptions>
#lt;/OWLPaletteLeaf>
" host-cached-sizes="false"/>
			</tab-group>
		</tab-pane>
	</dock>
	<dock anchor="none" content="palette toolbar" origin="697 485" is-closed="true">
		<tab-pane mode="expanded" preferred-iconic-length="0" layout-mode="manual">
			<tab-group active-palette="006C0A48" is-closed="false">
				<palette id="006C0A48" is-closed="false" preferred-unconstrained-size="240 112" preferred-constrained-size="240 112" current-state="2" is-minimized="false" app-data="#lt;OWLPaletteLeaf name=#quot;Layers#quot; id=#quot;18464#quot; minimized=#quot;false#quot; resizeable=#quot;true#quot; NeverShown=#quot;true#quot; detailLevel=#quot;0#quot; listBoxDetailLevel=#quot;0#quot; closed=#quot;false#quot;>
#lt;/OWLPaletteLeaf>
" host-cached-sizes="false"/>
			</tab-group>
		</tab-pane>
	</dock>
	<dock anchor="none" content="palette toolbar" origin="697 485" is-closed="true">
		<tab-pane mode="expanded" preferred-iconic-length="0" layout-mode="manual">
			<tab-group active-palette="004B0A46" is-closed="false">
				<palette id="004B0A46" is-closed="false" preferred-unconstrained-size="240 487" preferred-constrained-size="240 368" current-state="1" is-minimized="false" app-data="#lt;OWLPaletteLeaf name=#quot;#hash;LinksUIPanel#quot; id=#quot;132609#quot; minimized=#quot;false#quot; resizeable=#quot;true#quot; closed=#quot;false#quot;>
#lt;LinksUIPanelOptions rowHeight=#quot;22#quot; secondarySorter=#quot;35940#quot; sorter=#quot;35942#quot; splitterPos=#quot;275#quot; infoPaneHidden=#quot;false#quot; sortAscending=#quot;true#quot; showThumbnail=#quot;true#quot; showInfoThumbnail=#quot;false#quot;>
#lt;LinkInfoColumn infoClass=#quot;35940#quot; columnWidth=#quot;145#quot;>#lt;/LinkInfoColumn>
#lt;LinkInfoColumn infoClass=#quot;35944#quot; columnWidth=#quot;28#quot;>#lt;/LinkInfoColumn>
#lt;LinkInfoColumn infoClass=#quot;35942#quot; columnWidth=#quot;28#quot;>#lt;/LinkInfoColumn>
#lt;MoreLinkInfo infoClass=#quot;35940#quot;>#lt;/MoreLinkInfo>
#lt;MoreLinkInfo infoClass=#quot;35941#quot;>#lt;/MoreLinkInfo>
#lt;MoreLinkInfo infoClass=#quot;35942#quot;>#lt;/MoreLinkInfo>
#lt;MoreLinkInfo infoClass=#quot;35943#quot;>#lt;/MoreLinkInfo>
#lt;MoreLinkInfo infoClass=#quot;35944#quot;>#lt;/MoreLinkInfo>
#lt;MoreLinkInfo infoClass=#quot;35945#quot;>#lt;/MoreLinkInfo>
#lt;MoreLinkInfo infoClass=#quot;35949#quot;>#lt;/MoreLinkInfo>
#lt;MoreLinkInfo infoClass=#quot;35950#quot;>#lt;/MoreLinkInfo>
#lt;MoreLinkInfo infoClass=#quot;35952#quot;>#lt;/MoreLinkInfo>
#lt;MoreLinkInfo infoClass=#quot;35953#quot;>#lt;/MoreLinkInfo>
#lt;MoreLinkInfo infoClass=#quot;35954#quot;>#lt;/MoreLinkInfo>
#lt;MoreLinkInfo infoClass=#quot;35955#quot;>#lt;/MoreLinkInfo>
#lt;MoreLinkInfo infoClass=#quot;35956#quot;>#lt;/MoreLinkInfo>
#lt;MoreLinkInfo infoClass=#quot;35957#quot;>#lt;/MoreLinkInfo>
#lt;MoreLinkInfo infoClass=#quot;35958#quot;>#lt;/MoreLinkInfo>
#lt;MoreLinkInfo infoClass=#quot;35959#quot;>#lt;/MoreLinkInfo>
#lt;MoreLinkInfo infoClass=#quot;35960#quot;>#lt;/MoreLinkInfo>
#lt;MoreLinkInfo infoClass=#quot;35961#quot;>#lt;/MoreLinkInfo>
#lt;MoreLinkInfo infoClass=#quot;35962#quot;>#lt;/MoreLinkInfo>
#lt;MoreLinkInfo infoClass=#quot;35964#quot;>#lt;/MoreLinkInfo>
#lt;MoreLinkInfo infoClass=#quot;35965#quot;>#lt;/MoreLinkInfo>
#lt;MoreLinkInfo infoClass=#quot;35966#quot;>#lt;/MoreLinkInfo>
#lt;MoreLinkInfo infoClass=#quot;35967#quot;>#lt;/MoreLinkInfo>
#lt;MoreLinkInfo infoClass=#quot;35968#quot;>#lt;/MoreLinkInfo>
#lt;MoreLinkInfo infoClass=#quot;35985#quot;>#lt;/MoreLinkInfo>
#lt;MoreLinkInfo infoClass=#quot;35989#quot;>#lt;/MoreLinkInfo>
#lt;MoreLinkInfo infoClass=#quot;35990#quot;>#lt;/MoreLinkInfo>
#lt;MoreLinkInfo infoClass=#quot;35991#quot;>#lt;/MoreLinkInfo>
#lt;MoreLinkInfo infoClass=#quot;35992#quot;>#lt;/MoreLinkInfo>
#lt;MoreLinkInfo infoClass=#quot;35993#quot;>#lt;/MoreLinkInfo>
#lt;MoreLinkInfo infoClass=#quot;88599#quot;>#lt;/MoreLinkInfo>
#lt;MoreLinkInfo infoClass=#quot;88600#quot;>#lt;/MoreLinkInfo>
#lt;/LinksUIPanelOptions>
#lt;/OWLPaletteLeaf>
" host-cached-sizes="false"/>
			</tab-group>
		</tab-pane>
	</dock>
	<dock anchor="none" content="palette toolbar" origin="697 485" is-closed="true">
		<tab-pane mode="expanded" preferred-iconic-length="0" layout-mode="manual">
			<tab-group active-palette="004A0880" is-closed="false">
				<palette id="004A0880" is-closed="false" preferred-unconstrained-size="343 277" preferred-constrained-size="343 277" current-state="1" is-minimized="false" app-data="#lt;OWLPaletteLeaf name=#quot;GlyphPanelTitle#quot; id=#quot;53519#quot; minimized=#quot;false#quot; resizeable=#quot;true#quot; NeverShown=#quot;true#quot; detailLevel=#quot;1#quot; closed=#quot;false#quot;>
#lt;GlyphPanelOptions gridSize=#quot;32#quot; glyphSortOrder=#quot;UnicodeOrder#quot;>
#lt;/GlyphPanelOptions>
#lt;/OWLPaletteLeaf>
" host-cached-sizes="false"/>
			</tab-group>
		</tab-pane>
	</dock>
	<dock anchor="none" content="palette toolbar" origin="1140 157" is-closed="true">
		<tab-pane mode="expanded" preferred-iconic-length="157" layout-mode="manual">
			<tab-group active-palette="0041083E" is-closed="false">
				<palette id="0041083E" is-closed="false" preferred-unconstrained-size="240 180" preferred-constrained-size="240 114" current-state="2" is-minimized="false" app-data="#lt;OWLPaletteLeaf name=#quot;Character Styles#quot; id=#quot;8465#quot; minimized=#quot;false#quot; resizeable=#quot;true#quot; NeverShown=#quot;true#quot; detailLevel=#quot;1#quot; listBoxDetailLevel=#quot;0#quot; closed=#quot;false#quot;>
#lt;ControlSet id=#quot;8474#quot; visible=#quot;true#quot;>
#lt;/ControlSet>
#lt;/OWLPaletteLeaf>
" host-cached-sizes="false"/>
			</tab-group>
		</tab-pane>
	</dock>
	<dock anchor="none" content="palette toolbar" origin="1130 155" is-closed="true">
		<tab-pane mode="expanded" preferred-iconic-length="159" layout-mode="manual">
			<tab-group active-palette="0056081E" is-closed="false">
				<palette id="0056081E" is-closed="false" preferred-unconstrained-size="240 180" preferred-constrained-size="240 114" current-state="2" is-minimized="false" app-data="#lt;OWLPaletteLeaf name=#quot;Paragraph Styles#quot; id=#quot;8466#quot; minimized=#quot;false#quot; resizeable=#quot;true#quot; NeverShown=#quot;true#quot; detailLevel=#quot;1#quot; listBoxDetailLevel=#quot;0#quot; closed=#quot;false#quot;>
#lt;ControlSet id=#quot;8478#quot; visible=#quot;true#quot;>
#lt;/ControlSet>
#lt;/OWLPaletteLeaf>
" host-cached-sizes="false"/>
			</tab-group>
		</tab-pane>
	</dock>
	<dock anchor="none" content="palette toolbar" origin="1111 151" is-closed="true">
		<tab-pane mode="expanded" preferred-iconic-length="85" layout-mode="manual">
			<tab-group active-palette="004008F8" is-closed="false">
				<palette id="004008F8" is-closed="false"  current-state="1" is-minimized="false" app-data="#lt;OWLPaletteLeaf name=#quot;kTablePanelTitle#quot; id=#quot;67125#quot; minimized=#quot;false#quot; resizeable=#quot;false#quot; NeverShown=#quot;true#quot; detailLevel=#quot;0#quot; closed=#quot;false#quot;>
#lt;ControlSet id=#quot;67304#quot; visible=#quot;true#quot;>
#lt;/ControlSet>
#lt;ControlSet id=#quot;67305#quot; visible=#quot;true#quot;>
#lt;/ControlSet>
#lt;/OWLPaletteLeaf>
" host-cached-sizes="false"/>
			</tab-group>
		</tab-pane>
	</dock>
	<dock anchor="none" content="palette toolbar" origin="1124 146" is-closed="true">
		<tab-pane mode="expanded" preferred-iconic-length="126" layout-mode="manual">
			<tab-group active-palette="004E08E6" is-closed="false">
				<palette id="004E08E6" is-closed="false" preferred-unconstrained-size="240 180" preferred-constrained-size="240 114" current-state="1" is-minimized="false" app-data="#lt;OWLPaletteLeaf name=#quot;TableStyles#quot; id=#quot;132096#quot; minimized=#quot;false#quot; resizeable=#quot;true#quot; NeverShown=#quot;true#quot; detailLevel=#quot;1#quot; listBoxDetailLevel=#quot;0#quot; closed=#quot;false#quot;>
#lt;/OWLPaletteLeaf>
" host-cached-sizes="false"/>
			</tab-group>
		</tab-pane>
	</dock>
	<dock anchor="none" content="palette toolbar" origin="1026 118" is-closed="true">
		<tab-pane mode="expanded" preferred-iconic-length="117" layout-mode="manual">
			<tab-group active-palette="003A0870" is-closed="false">
				<palette id="003A0870" is-closed="false" preferred-unconstrained-size="240 180" preferred-constrained-size="240 114" current-state="1" is-minimized="false" app-data="#lt;OWLPaletteLeaf name=#quot;CellStyles#quot; id=#quot;132112#quot; minimized=#quot;false#quot; resizeable=#quot;true#quot; NeverShown=#quot;true#quot; detailLevel=#quot;1#quot; listBoxDetailLevel=#quot;0#quot; closed=#quot;false#quot;>
#lt;/OWLPaletteLeaf>
" host-cached-sizes="false"/>
			</tab-group>
		</tab-pane>
	</dock>
</workspace>
]]>
</OWLWorkspaceBookmark>
</PaletteWorkspace>
<menu-set platform="win" file-version="1" application-version="6.0" build-number="266" name="InCopy Defaults" is-preset="false">
	<hidden-submenu-list>
		<hidden-submenu>
			<path value="Main:&amp;File:DocStylePopoutMenuItem"></path>
		</hidden-submenu>
		<hidden-submenu>
			<path value="Main:&amp;Type:CCase Menu"></path>
		</hidden-submenu>
		<hidden-submenu>
			<path value="Main:&amp;Type:Bulleted And Numbered Lists"></path>
		</hidden-submenu>
		<hidden-submenu>
			<path value="Main:&amp;Type:Text Variables"></path>
		</hidden-submenu>
		<hidden-submenu>
			<path value="Main:&amp;Type:Insert Break Menu"></path>
		</hidden-submenu>
		<hidden-submenu>
			<path value="Main:&amp;Object:Displa&amp;y"></path>
		</hidden-submenu>
		<hidden-submenu>
			<path value="Main:&amp;View:Grids &amp;&amp; Guides"></path>
		</hidden-submenu>
	</hidden-submenu-list>
	<hidden-menuitem-list>
		<hidden-menuitem>
			<action-id value="0x106" name="KBSCE File menu:Save Story Copy..."></action-id>
		</hidden-menuitem>
		<hidden-menuitem>
			<action-id value="0x1db" name="KBSCE File menu:Save All Stories"></action-id>
		</hidden-menuitem>
		<hidden-menuitem>
			<action-id value="0x12603" name="KBSCE File menu:Story Information..."></action-id>
		</hidden-menuitem>
		<hidden-menuitem>
			<action-id value="0x113" name="KBSCE Edit menu:&amp;Duplicate"></action-id>
		</hidden-menuitem>
		<hidden-menuitem>
			<action-id value="0x4b17"></action-id>
		</hidden-menuitem>
		<hidden-menuitem>
			<action-id value="0xfb03" name="KBSCE Text Macros:Swap Macro Text"></action-id>
		</hidden-menuitem>
		<hidden-menuitem>
			<action-id value="0x4953" name="KBSCE Edit menu:Killer Find..."></action-id>
		</hidden-menuitem>
		<hidden-menuitem>
			<action-id value="0x4907" name="KBSCE Edit menu:Find &amp;Next"></action-id>
		</hidden-menuitem>
		<hidden-menuitem>
			<action-id value="0x10c01" name="KBSCE Edit menu:ShortcutsMenuItem"></action-id>
		</hidden-menuitem>
		<hidden-menuitem>
			<action-id value="0x1645d" name="KBSCE Edit menu:UICust_Menus"></action-id>
		</hidden-menuitem>
		<hidden-menuitem>
			<action-id value="0xb81e" name="KBSCE Type menu:InsertSpecial Footnote"></action-id>
		</hidden-menuitem>
		<hidden-menuitem>
			<action-id value="0x3106" name="KBSCE Type menu:Footnote Settings..."></action-id>
		</hidden-menuitem>
		<hidden-menuitem>
			<action-id value="0x1d381" name="KBSCE Type menu:Fill with Placeholder Text"></action-id>
		</hidden-menuitem>
		<hidden-menuitem>
			<action-id value="0xbb2f" name="KBSCE Notes menu:NotesMenu_SplitNote"></action-id>
		</hidden-menuitem>
		<hidden-menuitem>
			<action-id value="0xa512" name="KBSCE Changes menu:TCMenu_AllStoriesEnable"></action-id>
		</hidden-menuitem>
		<hidden-menuitem>
			<action-id value="0xa513" name="KBSCE Changes menu:TCMenu_AllStoriesDisable"></action-id>
		</hidden-menuitem>
		<hidden-menuitem>
			<action-id value="0xa507" name="KBSCE Changes menu:TCMenu_PreviousChange"></action-id>
		</hidden-menuitem>
		<hidden-menuitem>
			<action-id value="0xa508" name="KBSCE Changes menu:TCMenu_NextChange"></action-id>
		</hidden-menuitem>
		<hidden-menuitem>
			<action-id value="0xa50b" name="KBSCE Changes menu:TCMenu_AcceptAllChanges"></action-id>
		</hidden-menuitem>
		<hidden-menuitem>
			<action-id value="0xa50c" name="KBSCE Changes menu:TCMenu_RejectAllChanges"></action-id>
		</hidden-menuitem>
		<hidden-menuitem>
			<action-id value="0x9401" name="KBSCE Object menu:kObjectLayerOptionsDots"></action-id>
		</hidden-menuitem>
		<hidden-menuitem>
			<action-id value="0x1d012" name="KBSCE Object menu: Transform: :S&amp;hear..."></action-id>
		</hidden-menuitem>
		<hidden-menuitem>
			<action-id value="0x10536" name="KBSCE Tables menu:Split Cell Horizontally"></action-id>
		</hidden-menuitem>
		<hidden-menuitem>
			<action-id value="0x10537" name="KBSCE Tables menu:Split Cell Vertically"></action-id>
		</hidden-menuitem>
		<hidden-menuitem>
			<action-id value="0x10545" name="KBSCE Tables menu:Go to Row..."></action-id>
		</hidden-menuitem>
		<hidden-menuitem>
			<action-id value="0x10525" name="KBSCE Tables menu:kTablesMenuEdit Header_&amp;"></action-id>
		</hidden-menuitem>
		<hidden-menuitem>
			<action-id value="0x10526" name="KBSCE Tables menu:kTablesMenuEdit Footer_&amp;"></action-id>
		</hidden-menuitem>
		<hidden-menuitem>
			<action-id value="0x1d001" name="KBSCE View menu:Zoom &amp;In"></action-id>
		</hidden-menuitem>
		<hidden-menuitem>
			<action-id value="0x1d002" name="KBSCE View menu:Zoom &amp;Out"></action-id>
		</hidden-menuitem>
		<hidden-menuitem>
			<action-id value="0x1d005" name="KBSCE View menu:Entire Pasteboard"></action-id>
		</hidden-menuitem>
		<hidden-menuitem>
			<action-id value="0xa27c" name="KBSCE View menu:ViewMenu_ExpandAllStories"></action-id>
		</hidden-menuitem>
		<hidden-menuitem>
			<action-id value="0xa27d" name="KBSCE View menu:ViewMenu_CollapseAllStories"></action-id>
		</hidden-menuitem>
		<hidden-menuitem>
			<action-id value="0x13210" name="KBSCE View menu: Display Performance: :Ignore Local Display Settings"></action-id>
		</hidden-menuitem>
		<hidden-menuitem>
			<action-id value="0x1320f" name="KBSCE View menu: Display Performance: :Clear Local Display Settings Menu Item"></action-id>
		</hidden-menuitem>
		<hidden-menuitem>
			<action-id value="0xa50a" name="KBSCE Window menu:ChangeInfo"></action-id>
		</hidden-menuitem>
		<hidden-menuitem>
			<action-id value="0x4b16"></action-id>
		</hidden-menuitem>
		<hidden-menuitem>
			<action-id value="0x4801" name="KBSCE Window menu:Layers_WinMenu"></action-id>
		</hidden-menuitem>
		<hidden-menuitem>
			<action-id value="0xcc00" name="KBSCE Window menu:WindowsMenuScriptsPanelItem"></action-id>
		</hidden-menuitem>
		<hidden-menuitem>
			<action-id value="0x4001" name="KBSCE Window menu:Swatches_WinMenu"></action-id>
		</hidden-menuitem>
		<hidden-menuitem>
			<action-id value="0x1330b" name="KBSCE Window menu:Tag_PanelMenu"></action-id>
		</hidden-menuitem>
		<hidden-menuitem>
			<action-id value="0x20405" name="KBSCE Window menu: Type &amp; Tables: :CellStyleMenu"></action-id>
		</hidden-menuitem>
		<hidden-menuitem>
			<action-id value="0x5301" name="KBSCE Window menu: Type &amp; Tables: :&amp;Story"></action-id>
		</hidden-menuitem>
		<hidden-menuitem>
			<action-id value="0x20401" name="KBSCE Window menu: Type &amp; Tables: :TableStyleMenu"></action-id>
		</hidden-menuitem>
		<hidden-menuitem>
			<action-id value="0xb101" name="KBSCE Help menu:&amp;Configure Plug-ins..."></action-id>
		</hidden-menuitem>
	</hidden-menuitem-list>
	<colored-submenu-list>
		<colored-submenu>
			<path value="Main:&amp;Edit:SpellingMenu"></path>
			<color-index value="6"></color-index>
		</colored-submenu>
		<colored-submenu>
			<path value="Main:&amp;Type:XRefSubMenu"></path>
			<color-index value="6"></color-index>
		</colored-submenu>
	</colored-submenu-list>
	<colored-menuitem-list>
		<colored-menuitem>
			<action-id value="0x4906" name="KBSCE Edit menu:EditMenu_FindChange"></action-id>
			<color-index value="6"></color-index>
		</colored-menuitem>
		<colored-menuitem>
			<action-id value="0x1da01" name="KBSCE Edit menu: Spelling: :Check Spelling..."></action-id>
			<color-index value="6"></color-index>
		</colored-menuitem>
		<colored-menuitem>
			<action-id value="0x1da04" name="KBSCE Edit menu: Spelling: :Dynamic SpellCheck"></action-id>
			<color-index value="6"></color-index>
		</colored-menuitem>
		<colored-menuitem>
			<action-id value="0x1da07" name="KBSCE Edit menu: Spelling: :Auto Correct"></action-id>
			<color-index value="6"></color-index>
		</colored-menuitem>
		<colored-menuitem>
			<action-id value="0xf401" name="KBSCE Edit menu: Preferences: :G&amp;alley View Display..."></action-id>
			<color-index value="6"></color-index>
		</colored-menuitem>
		<colored-menuitem>
			<action-id value="0xa268" name="KBSCE View menu:ViewMenu_GalleyView"></action-id>
			<color-index value="6"></color-index>
		</colored-menuitem>
		<colored-menuitem>
			<action-id value="0xa279" name="KBSCE View menu:ViewMenu_StoryEditorView"></action-id>
			<color-index value="6"></color-index>
		</colored-menuitem>
		<colored-menuitem>
			<action-id value="0x19a10" name="KBSCE View menu:ViewMenu_HideAssignedFrames"></action-id>
			<color-index value="6"></color-index>
		</colored-menuitem>
		<colored-menuitem>
			<action-id value="0xa27e" name="KBSCE View menu:ViewMenu_ShowLineNumbers"></action-id>
			<color-index value="6"></color-index>
		</colored-menuitem>
		<colored-menuitem>
			<action-id value="0xa291" name="KBSCE View menu:ViewMenu_ShowDepthRuler"></action-id>
			<color-index value="6"></color-index>
		</colored-menuitem>
		<colored-menuitem>
			<action-id value="0xf901" name="KBSCE Window menu:WindowMenu_CopyfitInfo"></action-id>
			<color-index value="6"></color-index>
		</colored-menuitem>
		<colored-menuitem>
			<action-id value="0xf402" name="KBSCE Window menu:GalleyAppearance"></action-id>
			<color-index value="6"></color-index>
		</colored-menuitem>
		<colored-menuitem>
			<action-id value="0xfb01" name="KBSCE Window menu:WindowMenu_TextMacros"></action-id>
			<color-index value="6"></color-index>
		</colored-menuitem>
		<colored-menuitem>
			<action-id value="0x10e01" name="KBSCE Window menu:WindowMenu_Thesaurus"></action-id>
			<color-index value="6"></color-index>
		</colored-menuitem>
		<colored-menuitem>
			<action-id value="0x13601" name="KBSCE Window menu:Hyperlinks_WinMenu"></action-id>
			<color-index value="6"></color-index>
		</colored-menuitem>
		<colored-menuitem>
			<action-id value="0x20801" name="KBSCE Window menu: Type &amp; Tables: :#CondTextUI_WinMenu"></action-id>
			<color-index value="6"></color-index>
		</colored-menuitem>
		<colored-menuitem>
			<action-id value="0x13602" name="KBSCE Palette Menus: Hyperlinks: :New Hyperlink..."></action-id>
			<color-index value="6"></color-index>
		</colored-menuitem>
		<colored-menuitem>
			<action-id value="0x1360b" name="KBSCE Palette Menus: Hyperlinks: :Create hyperlink to selected URL"></action-id>
			<color-index value="6"></color-index>
		</colored-menuitem>
		<colored-menuitem>
			<action-id value="0x1360a" name="KBSCE Palette Menus: Hyperlinks: :Hyperlink Options..."></action-id>
			<color-index value="6"></color-index>
		</colored-menuitem>
		<colored-menuitem>
			<action-id value="0x13611" name="KBSCE Palette Menus: Hyperlinks: :New XRef..."></action-id>
			<color-index value="6"></color-index>
		</colored-menuitem>
		<colored-menuitem>
			<action-id value="0x13616"></action-id>
			<color-index value="6"></color-index>
		</colored-menuitem>
		<colored-menuitem>
			<action-id value="0x13612" name="KBSCE Palette Menus: Hyperlinks: :Cross-Reference Options..."></action-id>
			<color-index value="6"></color-index>
		</colored-menuitem>
		<colored-menuitem>
			<action-id value="0x13617" name="KBSCE Palette Menus: Hyperlinks: :UpdateXRef"></action-id>
			<color-index value="6"></color-index>
		</colored-menuitem>
	</colored-menuitem-list>
</menu-set>
</user-workspace>