{
  "name" : "Tierra giratoria",
  "title" : "Tierra giratoria",
  "description" : "",
  "card1title" : "Introducción",
  "card1Description" : "En este tutorial crearemos una Tierra giratoria. Aprenderemos los conceptos de fotogramas, fotogramas clave, interpolación, enmascaramiento y mucho más.",
  "card1StepInfo" : "",
  "card1PosAction" : "Empezar",
  "card1NegAction" : "Anterior",
  "card2title" : "Crear símbolos gráficos",
  "card2Description" : "Seleccione el objeto de esfera en el escenario, vaya al panel \"Propiedades\" -> Ficha \"Objeto\" y haga clic en el icono \"Convertir en símbolo\". Asígnele el nombre \"Tierra\" y establezca \"Tipo\" como \"Gráfico\". Seleccione el objeto de mapa en el escenario y, a continuación, conviértalo en un símbolo de gráfico y asígnele el nombre \"Mapa del mundo\".",
  "card2StepInfo" : "1 de 6",
  "card2PosAction" : "Siguiente",
  "card2NegAction" : "Anterior",
  "card2Node" : "PanelID_266$$-1/0/OS_ViewContainer,0/1/UI_ScrollView,0/1/UI_ScrollTransformView,0/1/UI_SubView,0/1/TimelinePanelRoot,0/1/TrackControl,0/1/TimelineHeader,0/1/HeaderRightControls,0/1/ZoomControls,0/1/TimelineCellMode",
  "card3title" : "Añadir alfa al símbolo de la Tierra",
  "card3Description" : "Seleccione el símbolo \"Tierra\", vaya al panel \"Propiedades\" -> Ficha \"Objeto\" -> \"Efectos de color\" y seleccione \"Alfa\" en la lista desplegable, y establezca el valor alfa en 40%.",
  "card3StepInfo" : "2 de 6",
  "card3PosAction" : "Siguiente",
  "card3NegAction" : "Anterior",
  "card3Node" : "PanelID_266$$-1/0/OS_ViewContainer,0/1/UI_ScrollView,0/1/UI_ScrollTransformView,0/1/UI_SubView,0/1/TimelinePanelRoot,0/1/TrackControl,0/1/TimelineHeader,0/1/HeaderRightControls,0/1/ZoomControls,0/1/TimelineCellMode",
  "card4title" : "Extender la cronología",
  "card4Description" : " Haga clic en el fotograma 40 de la capa de máscara y mantenga pulsada la tecla de selección y, a continuación, haga clic en el fotograma 40 de las capas restantes. Ahora pulse \"F5\" para extender la cronología de todas las capas.",
  "card4StepInfo" : "3 de 6",
  "card4PosAction" : "Siguiente",
  "card4NegAction" : "Anterior",
  "card4Node" : "PanelID_266$$-1/0/OS_ViewContainer,0/1/UI_ScrollView,0/1/UI_ScrollTransformView,0/1/UI_SubView,0/1/TimelinePanelRoot,0/1/TrackControl,0/1/TimelineHeader,0/1/HeaderLeftControls,0/1/AdvancedFeatureControls,0/1/TimelineLayerDepthPanelButton",
  "card5title" : "Mover el símbolo de mapa del mundo",
  "card5Description" : "Haga clic en la capa \"Mapa\" y mueva el símbolo \"Mapa del mundo\" en el escenario a la izquierda de manera que se alinee con el borde derecho del símbolo \"Tierra\" esférico como se muestra en el vídeo de arriba.",
  "card5StepInfo" : "4 de 6",
  "card5PosAction" : "Siguiente",
  "card5NegAction" : "Anterior",
  "card5Node" : "PanelID_273$$-1/0/OS_ViewContainer,0/1/UI_ScrollView,0/1/UI_ScrollTransformView,0/1/UI_SubView,0/1/ToolPanelRoot,0/1/ToolsContainer,0/1/33507",
  "card6title" : "Crear una interpolación clásica",
  "card6Description" : "Haga clic en cualquier fotograma del 1 al 40 de la capa Mapa y, a continuación, haga clic en el botón \"Crear interpolación clásica\" del panel Cronología.",
  "card6StepInfo" : "5 de 6",
  "card6PosAction" : "Siguiente",
  "card6NegAction" : "Anterior",
  "card6Node" : "PanelID_266$$-1/0/OS_ViewContainer,0/1/UI_ScrollView,0/1/UI_ScrollTransformView,0/1/UI_SubView,0/1/TimelinePanelRoot,0/1/TrackControl,0/1/TimelineHeader,0/1/HeaderRightControls,0/1/StatusWindow,0/1/OnionSkinControls,0/1/TimelineTween",
  "card7title" : "Configurar la capa de máscara",
  "card7Description" : "Haga clic con el botón derecho en la capa \"Máscara\" y elija la opción Máscara en el menú contextual. La capa de la Tierra se anidará automáticamente bajo la capa \"Máscara\". Anide también la capa \"Mapa\" arrastrándola y soltándola justo debajo de la capa Tierra como se muestra en el vídeo de arriba. \nVea la animación haciendo clic en el icono \"Probar película\" en la ventana superior derecha de la aplicación.",
  "card7StepInfo" : "6 de 6",
  "card7PosAction" : "Siguiente",
  "card7NegAction" : "Anterior",
  "card7Node" : "PanelID_266$$-1/0/OS_ViewContainer,0/1/UI_ScrollView,0/1/UI_ScrollTransformView,0/1/UI_SubView,0/1/TimelinePanelRoot,0/1/TrackControl,0/1/TimelineHeader,0/1/HeaderLeftControls,0/1/AdvancedFeatureControls,0/1/ParentingTabButton",
  "card8title" : "Personalizar el color de fondo",
  "card8Description" : "Haga clic en un área vacía del escenario. Vaya al panel \"Propiedades\" -> Ficha \"Doc\" -> sección \"Configuración del documento\" y establezca el color de escenario que quiera. ",
  "card8StepInfo" : "",
  "card8PosAction" : "Siguiente",
  "card8NegAction" : "Anterior",
  "card8Node" : "PanelID_266$$-1/0/OS_ViewContainer,0/1/UI_ScrollView,0/1/UI_ScrollTransformView,0/1/UI_SubView,0/1/TimelinePanelRoot,0/1/TrackControl,0/1/TimelineHeader,0/1/HeaderRightControls,0/1/ZoomControls,0/1/TimelineCellMode",
  "card9title" : "Compartir en medios sociales",
  "card9Description" : "Comparta su animación en medios sociales como se muestra en el vídeo.",
  "card9StepInfo" : "",
  "card9PosAction" : "Siguiente",
  "card9NegAction" : "Anterior",
  "card9Node" : "%DocName$$-1/0/OS_ViewContainer,0/1/UI_ScrollView,0/1/UI_ScrollTransformView,0/1/UI_SubView,4/1/UI_SubView,0/1/UI_ControlsContainer,0/1/UI_ScrollTransformView,0/1/UI_SubView,0/1/parentSubview,0/1/StageClipperButton",
  "card10title" : "¡Enhorabuena!",
  "card10Description" : "Felicitaciones por completar este tutorial. Ha aprendido los conceptos de fotogramas, fotogramas clave, cronología, interpolación, enmascaramiento y más. ¡Siga adelante!",
  "card10StepInfo" : "",
  "card10PosAction" : "Fin",
  "card10NegAction" : "Anterior"
}