{
  "name" : "Animación de rebote",
  "title" : "Animación de rebote",
  "description" : "",
  "card1title" : "Animación de rebote",
  "card1Description" : "Crearemos una animación de rebote en este tutorial.",
  "card1StepInfo" : "1 de 7",
  "card1PosAction" : "Siguiente",
  "card1NegAction" : "Anterior",
  "card2title" : "Configurar el rig",
  "card2Description" : "Utilice la herramienta de deformación de recursos para configurar el rig como se muestra en el vídeo.",
  "card2StepInfo" : "2 de 7",
  "card2PosAction" : "Siguiente",
  "card2NegAction" : "Anterior",
  "card2Node" : "PanelID_273$$-1/0/OS_ViewContainer,0/1/UI_ScrollView,0/1/UI_ScrollTransformView,0/1/UI_SubView,0/1/ToolPanelRoot,0/1/ToolsContainer,0/1/33125",
  "card3title" : "Configurar el último fotograma",
  "card3Description" : "Seleccione el último fotograma (fotograma 50). Ahora haga clic en Insertar fotograma clave.",
  "card3StepInfo" : "3 de 7",
  "card3PosAction" : "Siguiente",
  "card3NegAction" : "Anterior",
  "card3Node" : "PanelID_266$$-1/0/OS_ViewContainer,0/1/UI_ScrollView,0/1/UI_ScrollTransformView,0/1/UI_SubView,0/1/TimelinePanelRoot,0/1/TrackControl,0/1/TimelineHeader,0/1/HeaderRightControls,0/1/StatusWindow,0/1/UI_TIMELINE_STATUS_WINDOW,0/1/943dbb70-a281-42fb-a738-43c3b5345669,0/1/PICTURE_BUTTON_INSERTKEYFRAME",
  "card4title" : "Crear pose intermedia",
  "card4Description" : "Inserte el fotograma clave en el fotograma 25. Utilice la herramienta de deformación de recursos y modifique la pose como se muestra en el vídeo.",
  "card4StepInfo" : "4 de 7",
  "card4PosAction" : "Siguiente",
  "card4NegAction" : "Anterior",
  "card4Node" : "PanelID_273$$-1/0/OS_ViewContainer,0/1/UI_ScrollView,0/1/UI_ScrollTransformView,0/1/UI_SubView,0/1/ToolPanelRoot,0/1/ToolsContainer,0/1/33125",
  "card5title" : "Crear una interpolación",
  "card5Description" : "Seleccione cualquier fotograma del primer grupo. Ahora, pulse Mayús y seleccione cualquier fotograma del segundo grupo. Haga clic en Crear interpolación clásica para crear una animación perfecta.",
  "card5StepInfo" : "5 de 7",
  "card5PosAction" : "Siguiente",
  "card5NegAction" : "Anterior",
  "card5Node" : "PanelID_266$$-1/0/OS_ViewContainer,0/1/UI_ScrollView,0/1/UI_ScrollTransformView,0/1/UI_SubView,0/1/TimelinePanelRoot,0/1/TrackControl,0/1/TimelineHeader,0/1/HeaderRightControls,0/1/StatusWindow,0/1/UI_TIMELINE_STATUS_WINDOW,0/1/82eb6fc6-d76b-4794-9104-527cb907a222,0/1/PICTURE_BUTTON_CREATECLASSICTWEEN",
  "card6title" : "Pruebe su animación",
  "card6Description" : "Haga clic en Probar película para ver la animación en acción. Modifique la pose según sea necesario. La animación ya está lista.",
  "card6StepInfo" : "6 de 7",
  "card6PosAction" : "Siguiente",
  "card6NegAction" : "Anterior",
  "card6Node" : "PanelID_508$$-1/0/OS_ViewContainer,0/1/UI_ScrollView,0/1/UI_ScrollTransformView,0/1/UI_SubView,0/1/appHeaderCommandsPanel,0/1/UI_AppHeader_Play",
  "card7title" : "Compartir en Twitter",
  "card7Description" : "Comparta su animación con sus amigos en Twitter. Utilice la función de compartir de forma rápida en Animate.",
  "card7StepInfo" : "7 de 7",
  "card7PosAction" : "Fin",
  "card7NegAction" : "Anterior",
  "card7Node" : "PanelID_508$$-1/0/OS_ViewContainer,0/1/UI_ScrollView,0/1/UI_ScrollTransformView,0/1/UI_SubView,0/1/appHeaderCommandsPanel,0/1/UI_QuickExport_Button"
}