{
  "734710B4-FFE8-49A7-8F83-CA85B7A3EC78_name" : "Pelota saltarina",
  "734710B4-FFE8-49A7-8F83-CA85B7A3EC78_title" : "Crear animación: rebote de pelota",
  "734710B4-FFE8-49A7-8F83-CA85B7A3EC78_description" : "Aprenda los conceptos básicos de la animación fotograma a fotograma.",
  "2033f26e-077e-4b95-8ae7-5faf3c7f2142_name" : "Llamas bailando",
  "2033f26e-077e-4b95-8ae7-5faf3c7f2142_title" : "Crear una animación de llamas en movimiento",
  "2033f26e-077e-4b95-8ae7-5faf3c7f2142_description" : "Aprenda los conceptos básicos de la animación de fotogramas clave.",
  "4b40f970-9a97-11ea-8041-b9720091667f_name" : "Animación de caminata: Efectos de fotogramas (2/2)",
  "4b40f970-9a97-11ea-8041-b9720091667f_title" : "Animación de caminata: Efectos de fotogramas (2/2)",
  "4b40f970-9a97-11ea-8041-b9720091667f_description" : "Añada una luna brillante a la animación",
  "65edeaa0-9c02-11ea-b26f-edc35c4dea86_name" : "Animación de caminata: Montar (1/2)",
  "65edeaa0-9c02-11ea-b26f-edc35c4dea86_title" : "Animación de caminata: Montar (1/2)",
  "65edeaa0-9c02-11ea-b26f-edc35c4dea86_description" : "Montar una animación de caminata rápida",
  "b8a3b480-b6df-11ea-895d-3b6ecbb6f945_name" : "Símbolo digital",
  "b8a3b480-b6df-11ea-895d-3b6ecbb6f945_title" : "Símbolo digital",
  "b8a3b480-b6df-11ea-895d-3b6ecbb6f945_description" : "Obtenga información sobre las opciones de alineación, los símbolos y los efectos de fotograma",
  "ce97d5d0-c401-11ea-99b3-019d8f4ddb88_name" : "Animación de un molino de viento",
  "ce97d5d0-c401-11ea-99b3-019d8f4ddb88_title" : "Animación de un molino de viento",
  "ce97d5d0-c401-11ea-99b3-019d8f4ddb88_description" : "Aprenda lo básico sobre la interpolación y las publicaciones compartidas en medios sociales ",
  "e8fa2040-c81b-11ea-862e-9ffb97786da0_name" : "Columpio en el parque de diversiones",
  "e8fa2040-c81b-11ea-862e-9ffb97786da0_title" : "Columpio en el parque de diversiones",
  "e8fa2040-c81b-11ea-862e-9ffb97786da0_description" : "Aprenda los fundamentos de la interpolación y la flexibilización",
  "24521e00-cb13-11ea-b352-53dd530ad68b_name" : "Animación de una muñeca",
  "24521e00-cb13-11ea-b352-53dd530ad68b_title" : "Animación de una muñeca",
  "24521e00-cb13-11ea-b352-53dd530ad68b_description" : "Aprenda los fundamentos de la jerarquía de capas y las transformaciones",
  "38361250-c8f2-11ea-87d0-5db9b73330eb_name" : "Animación de un barco",
  "38361250-c8f2-11ea-87d0-5db9b73330eb_title" : "Animación de un barco",
  "38361250-c8f2-11ea-87d0-5db9b73330eb_description" : "Aprenda los fundamentos de la animación clásica con interpolación",
  "d91eb9b0-cc9e-11ea-81b0-2f1dfe3ad9ee_name" : "Hagamos girar la Tierra",
  "d91eb9b0-cc9e-11ea-81b0-2f1dfe3ad9ee_title" : "Hagamos girar la Tierra",
  "d91eb9b0-cc9e-11ea-81b0-2f1dfe3ad9ee_description" : "Aprenda los fundamentos del ajuste y el enmascaramiento",
  "2729a130-f295-11ea-81ae-f336446799c7_name" : "Carrera de cerdos",
  "2729a130-f295-11ea-81ae-f336446799c7_title" : "Carrera de cerdos",
  "2729a130-f295-11ea-81ae-f336446799c7_description" : "Crear una animación rápida usando el panel Recursos",
  "bdfa1030-f714-11ea-b64f-c3333b411e6e_name" : "Animación de iconos",
  "bdfa1030-f714-11ea-b64f-c3333b411e6e_title" : "Animación de iconos",
  "bdfa1030-f714-11ea-b64f-c3333b411e6e_description" : "Aprender a animar un icono",
  "f9acc960-fc82-11ea-ae47-6728ca6bb7f3_name" : "Caminata del granjero",
  "f9acc960-fc82-11ea-ae47-6728ca6bb7f3_title" : "Caminata del granjero",
  "f9acc960-fc82-11ea-ae47-6728ca6bb7f3_description" : "Aprenda a crear un ciclo de paseo rápido",
  "d550bbe0-fe9d-11ea-8ede-1d93180c9e38_name" : "Hola, amigo",
  "d550bbe0-fe9d-11ea-8ede-1d93180c9e38_title" : "Hola, amigo",
  "d550bbe0-fe9d-11ea-8ede-1d93180c9e38_description" : "Aprenda a animar un saludo con la mano a través de la configuración de poses",
  "b9696080-fe93-11ea-bae8-b325f393fd93_name" : "Carrera de cerdo: parte 2",
  "b9696080-fe93-11ea-bae8-b325f393fd93_title" : "Carrera de cerdo: parte 2",
  "b9696080-fe93-11ea-bae8-b325f393fd93_description" : "Aprenda a añadir movimiento con la interpolación",
  "181bc770-07b9-11eb-9d9d-491f8e788e32_name" : "Lanzamiento de cohete: interactivo",
  "181bc770-07b9-11eb-9d9d-491f8e788e32_title" : "Lanzamiento de cohete: interactivo",
  "181bc770-07b9-11eb-9d9d-491f8e788e32_description" : "Aprenda a añadir interactividad a la animación de HTML5 Canvas"
}