{"name":"Farmer Walk Cycle","title":"Farmer Walk Cycle","description":"","card1title":"Let’s begin!","card1Description":"Learn to create a walk cycle in 7 quick & easy steps.","card1StepInfo":"","card1PosAction":"Start","card1NegAction":"","card1Node":"%DocName$$-1/0/OS_ViewContainer,0/1/UI_ScrollView,0/1/UI_ScrollTransformView,0/1/UI_SubView,0/1/UI_ScrollView,1/1/UI_ScrollBar","card2title":"Bring a character","card2Description":"Drag & drop a character on stage. Simply go to Default > Static > Characters > Objects > Farmer.","card2StepInfo":"1 of 7","card2PosAction":"Next","card2NegAction":"Previous","card2Node":"%DocName$$-1/0/OS_ViewContainer,0/1/UI_ScrollView,0/1/UI_ScrollTransformView,0/1/UI_SubView,0/1/UI_ScrollView,1/1/UI_ScrollBar","card3title":"Drop a motion rig","card3Description":"‘Double click’ on the character, then drag & drop an animated rig on it. Go to Assets > Default > Animated > Rigs > Walk.","card3StepInfo":"2 of 7","card3PosAction":"Next","card3NegAction":"Previous","card3Node":"%DocName$$-1/0/OS_ViewContainer,0/1/UI_ScrollView,0/1/UI_ScrollTransformView,0/1/UI_SubView,0/1/UI_ScrollView,1/1/UI_ScrollBar","card4title":"Hit Play","card4Description":"Select animation loop, then click on ‘Play’ in the timeline to see your first walk cycle!","card4StepInfo":"3 of 7","card4PosAction":"Next","card4NegAction":"Previous","card4Node":"PanelID_266$$-1/0/OS_ViewContainer,0/1/UI_ScrollView,0/1/UI_ScrollTransformView,0/1/UI_SubView,0/1/TimelinePanelRoot,0/1/TrackControl,0/1/TimelineHeader,0/1/HeaderRightControls","card5title":"Replace Motion","card5Description":"Don’t like the outcome? Try to drop a different motion rig this time. Go to Assets > Default > Animated > Rigs > Jump. Drag & drop the asset ‘Jump’ on the existing rigged character.","card5StepInfo":"4 of 7","card5PosAction":"Next","card5NegAction":"Previous","card5Node":"%DocName$$-1/0/OS_ViewContainer,0/1/UI_ScrollView,0/1/UI_ScrollTransformView,0/1/UI_SubView,0/1/UI_ScrollView,1/1/UI_ScrollBar","card6title":"Preview","card6Description":"Click ‘Play’ in the top right corner to see the preview of the animation.","card6StepInfo":"5 of 7","card6PosAction":"Next","card6NegAction":"Previous","card6Node":"%DocName$$-1/0/OS_ViewContainer,0/1/UI_ScrollView,0/1/UI_ScrollTransformView,0/1/UI_SubView,0/1/UI_ScrollView,1/1/UI_ScrollBar","card7title":"Save","card7Description":"Don’t forget to save your creation!","card7StepInfo":"6 of 7","card7PosAction":"Next","card7NegAction":"Previous","card7Node":"%DocName$$-1/0/OS_ViewContainer,0/1/UI_ScrollView,0/1/UI_ScrollTransformView,0/1/UI_SubView,4/1/UI_SubView,0/1/UI_ControlsContainer,0/1/UI_ScrollTransformView,0/1/UI_SubView,0/1/parentSubview,0/1/PathBarView,0/1/UI_SubView","card8title":"Quick Publish","card8Description":"Lastly, right click to break apart the symbol & publish the file in one click from the share icon in the top right corner.","card8StepInfo":"7 of 7","card8PosAction":"Next","card8NegAction":"Previous","card8Node":"%DocName$$-1/0/OS_ViewContainer,0/1/UI_ScrollView,0/1/UI_ScrollTransformView,0/1/UI_SubView,0/1/UI_ScrollView,1/1/UI_ScrollBar","card9title":"Well done!","card9Description":"Congratulations on finishing the Farmer walk cycle tutorial. Check out new tips & tricks in the next one.","card9StepInfo":"","card9PosAction":"Continue","card9NegAction":"End"}