{
  "name" : "Animación de columpio en parque de diversiones",
  "title" : "Animación de columpio en parque de diversiones",
  "description" : "",
  "card1title" : "Introducción",
  "card1Description" : "En este tutorial, animaremos un columpio en el parque de diversiones como se muestra arriba. ",
  "card1StepInfo" : "",
  "card1PosAction" : "Empezar",
  "card1NegAction" : "Anterior",
  "card1Node" : "%DocName$$-1/0/OS_ViewContainer,0/1/UI_ScrollView,0/1/UI_ScrollTransformView,0/1/UI_SubView,4/1/UI_SubView,0/1/UI_ControlsContainer,0/1/UI_ScrollTransformView,0/1/UI_SubView,0/1/parentSubview,0/1/UI_Hidden_Coachmark_Anchor",
  "card2title" : "Bloquear la capa SupportStructure",
  "card2Description" : "Primero, bloqueemos la capa que no queremos modificar. Pase el ratón por encima de la capa \"SupportStructure\" y haga clic en el icono de bloqueo como se muestra en el vídeo anterior",
  "card2StepInfo" : "1 de 8",
  "card2PosAction" : "Siguiente",
  "card2NegAction" : "Anterior",
  "card2Node" : "PanelID_266$$-1/0/OS_ViewContainer,0/1/UI_ScrollView,0/1/UI_ScrollTransformView,0/1/UI_SubView,0/1/TimelinePanelRoot,0/1/TrackControl,0/1/TimelineHeader,0/1/HeaderLeftControls,0/1/AdvancedFeatureControls,0/1/TimelineAddRemoveCamera",
  "card3title" : "Crear un símbolo gráfico",
  "card3Description" : "Seleccione \"Enviar\" y los objetos de \"retención de cadena\" en el escenario. Vaya al panel \"Propiedades\" -> Ficha \"Objeto\" y haga clic en el icono \"Cobertura de símbolo\".\nAsigne el nombre \"Enviar\" al símbolo y seleccione \"Tipo\" como \"Gráfico\"",
  "card3StepInfo" : "2 de 8",
  "card3PosAction" : "Siguiente",
  "card3NegAction" : "Anterior",
  "card3Node" : "PanelID_266$$-1/0/OS_ViewContainer,0/1/UI_ScrollView,0/1/UI_ScrollTransformView,0/1/UI_SubView,0/1/TimelinePanelRoot,0/1/TrackControl,0/1/TimelineHeader,0/1/HeaderRightControls,0/1/ZoomControls,0/1/TimelinePreviewMode",
  "card4title" : "Establecer el punto de transformación",
  "card4Description" : "Haga clic en la herramienta \"Transformación libre\", seleccione el símbolo \"Enviar\" y mueva el \"Punto de transformación\" bajo el indicador donde están las cadenas de retención como se muestra en el vídeo anterior.\nEl punto de transformación define el eje de rotación. El ratón se mueve cerca del borde inferior derecho del símbolo seleccionado, de forma que el cursor se convierte en el cursor de rotación y ahora lo arrastra a su izquierda para girar el barco como se muestra en el vídeo anterior.",
  "card4StepInfo" : "3 de 8",
  "card4PosAction" : "Siguiente",
  "card4NegAction" : "Anterior",
  "card4Node" : "PanelID_273$$-1/0/OS_ViewContainer,0/1/UI_ScrollView,0/1/UI_ScrollTransformView,0/1/UI_SubView,0/1/ToolPanelRoot,0/1/ToolsContainer,0/1/33507",
  "card5title" : "Extender la cronología",
  "card5Description" : "Haga clic en el fotograma 100 de la capa \"SupportStructure\" y mantenga pulsada la tecla Mayús y, a continuación, haga clic en el fotograma 100 de la capa \"Enviar\", haga clic en el icono \"Insertar fotograma clave automático\" en la cronología como se muestra en el vídeo.\nHaga clic en el fotograma 50 de la capa \"Enviar\" y gire el barco a la derecha como se muestra en el vídeo.",
  "card5StepInfo" : "4 de 8",
  "card5PosAction" : "Siguiente",
  "card5NegAction" : "Anterior",
  "card5Node" : "PanelID_266$$-1/0/OS_ViewContainer,0/1/UI_ScrollView,0/1/UI_ScrollTransformView,0/1/UI_SubView,0/1/TimelinePanelRoot,0/1/TrackControl,0/1/TimelineHeader,0/1/HeaderLeftControls,0/1/TimelineDisplayModeButton",
  "card6title" : "Añadir interpolación clásica",
  "card6Description" : "Ahora, tiene dos extensiones de fotograma en la capa \"Barco\". En primer lugar, haga clic en cualquier fotograma del 1 al 50 y haga clic en el botón \"Crear interpolación clásica\". A continuación, haga clic en cualquier fotograma entre 51 y 100, y haga clic en el icono \"Crear interpolación clásica\" como se muestra en el vídeo.\nAhora haga clic en el icono \"Probar película\" y vea la animación. La animación se ve un poco mecánica. Lo arreglaremos en el próximo paso.",
  "card6StepInfo" : "5 de 8",
  "card6PosAction" : "Siguiente",
  "card6NegAction" : "Anterior",
  "card6Node" : "PanelID_266$$-1/0/OS_ViewContainer,0/1/UI_ScrollView,0/1/UI_ScrollTransformView,0/1/UI_SubView,0/1/TimelinePanelRoot,0/1/TrackControl,0/1/TimelineHeader,0/1/HeaderRightControls,0/1/StatusWindow,0/1/OnionSkinControls,0/1/TimelineTween",
  "card7title" : "Modificar la flexibilización",
  "card7Description" : "Haga clic en cualquiera de los intervalos de interpolación de la capa “Enviar” (p. ej., fotogramas 1 a 50) y vaya al panel “Propiedades” -> Pestaña “Fotograma” -> Sección “Interpolación”, luego haga clic en Efecto y seleccione\n“Suavizado de entrada/salida” y haga doble clic en la opción “Cúbico”. Asegúrese de que está establecido el efecto Suavizado de entrada/salida cúbico.\nRepita el paso anterior para otro intervalo de interpolación (p. ej., fotogramas 51 a 100).\nVuelva a probar la animación pulsando el icono “Probar contenido” en la parte superior derecha. Ahora tendrá el aspecto idóneo.",
  "card7StepInfo" : "6 de 8",
  "card7PosAction" : "Siguiente",
  "card7NegAction" : "Anterior",
  "card7Node" : "PanelID_268$$-1/0/OS_ViewContainer,0/1/UI_ScrollView,0/1/UI_ScrollTransformView,0/1/UI_SubView,0/1/UI_SubView,0/1/UI_SubView,0/1/UI_TabViewContainer,1/1/UI_TabView,2/1/UI_ScrollView,0/1/UI_ScrollTransformView,0/1/UI_SubView,0/1/an::UI_ArrangeablePlacardView,0/1/piTextFont,2/1/UI_SubView,0/1/UI_PITEXTFONT",
  "card8title" : "Personalice el color de fondo",
  "card8Description" : "Haga clic en un área vacía del escenario. Vaya al panel \"Propiedades\" -> Ficha \"Doc\" -> sección \"Configuración del documento\" y establezca el color de escenario que quiera.",
  "card8StepInfo" : "7 de 8",
  "card8PosAction" : "Siguiente",
  "card8NegAction" : "Anterior",
  "card8Node" : "PanelID_268$$-1/0/OS_ViewContainer,0/1/UI_ScrollView,0/1/UI_ScrollTransformView,0/1/UI_SubView,0/1/UI_SubView,0/1/UI_SubView,0/1/UI_TabViewContainer,1/1/UI_TabView,2/1/UI_ScrollView,0/1/UI_ScrollTransformView,0/1/UI_SubView,0/1/an::UI_ArrangeablePlacardView,0/1/piDocumentProperties",
  "card9title" : "Compartir en medios sociales",
  "card9Description" : "Comparta su animación en los medios sociales como se muestra en el vídeo.\nFelicidades por completar este tutorial. Ha aprendido sobre símbolos, fotogramas clave, interpolación, flexibilización ¡y más!",
  "card9StepInfo" : "8 de 8",
  "card9PosAction" : "Fin",
  "card9NegAction" : "Anterior",
  "card9Node" : "%DocName$$-1/0/OS_ViewContainer,0/1/UI_ScrollView,0/1/UI_ScrollTransformView,0/1/UI_SubView,4/1/UI_SubView,0/1/UI_ControlsContainer,0/1/UI_ScrollTransformView,0/1/UI_SubView,0/1/parentSubview,0/1/StageClipperButton"
}