{
  "name" : "Animación Caminar: Montar",
  "title" : "Animación Caminar: Montar",
  "description" : "",
  "card1title" : "Configurar el escenario para que se ajuste la ventana",
  "card1Description" : "Cambiar el tamaño del escenario a “Ajustar a la ventana”",
  "card1StepInfo" : "1 de 14",
  "card1PosAction" : "Siguiente",
  "card1NegAction" : "Anterior",
  "card1Node" : "%DocName$$-1/0/OS_ViewContainer,0/1/UI_ScrollView,0/1/UI_ScrollTransformView,0/1/UI_SubView,4/1/UI_SubView,0/1/UI_ControlsContainer,0/1/UI_ScrollTransformView,0/1/UI_SubView,0/1/parentSubview,0/1/UI_UnitNumberEdit,2/1/UI_SubView,0/1/UI_UnitNumberEdit_PopupList",
  "card2title" : "Añada un personaje",
  "card2Description" : "Arrastre y suelte el personaje “Boy Trekker” del panel Recursos como se muestra arriba.",
  "card2StepInfo" : "2 de 14",
  "card2PosAction" : "Siguiente",
  "card2NegAction" : "Anterior",
  "card2Node" : "PanelID_601$$-1/0/OS_ViewContainer,0/1/UI_SubView,6/1/UI_SubView",
  "card3title" : "Pruebe su animación",
  "card3Description" : "Pruebe su animación haciendo clic en el botón Probar película. Debería ver al personaje caminando. \n\nUna vez hecho, cierre el panel.",
  "card3StepInfo" : "3 de 14",
  "card3PosAction" : "Siguiente",
  "card3NegAction" : "Anterior",
  "card3Node" : "PanelID_508$$-1/0/OS_ViewContainer,0/1/UI_ScrollView,0/1/UI_ScrollTransformView,0/1/UI_SubView,0/1/appHeaderCommandsPanel,0/1/UI_AppHeader_Play",
  "card4title" : "Cambie el nombre de la capa",
  "card4Description" : "Se recomienda etiquetar correctamente las capas.  Actualmente, tenemos una capa que contiene nuestro personaje. \n\nEtiquete la capa como “Personaje” haciendo doble clic en el nombre.",
  "card4StepInfo" : "4 de 14",
  "card4PosAction" : "Siguiente",
  "card4NegAction" : "Anterior",
  "card4Node" : "PanelID_266$$-1/0/OS_ViewContainer,0/1/UI_ScrollView,0/1/UI_ScrollTransformView,0/1/UI_SubView,0/1/TimelinePanelRoot,0/1/TrackControl,0/1/LayerHeader",
  "card5title" : "Añada una nueva capa",
  "card5Description" : "Mejoremos nuestra animación añadiendo un fondo. \n\nAñada una capa haciendo clic en el icono “+”. \n\nCambie el nombre de la capa a Fondo haciendo doble clic en el nombre, de forma similar al último paso.",
  "card5StepInfo" : "5 de 14",
  "card5PosAction" : "Siguiente",
  "card5NegAction" : "Anterior",
  "card5Node" : "PanelID_266$$-1/0/OS_ViewContainer,0/1/UI_ScrollView,0/1/UI_ScrollTransformView,0/1/UI_SubView,0/1/TimelinePanelRoot,0/1/TrackControl,0/1/LayerHeader,0/1/LayerHeaderLeftControls,0/1/TimelineNewLayer",
  "card6title" : "Añadir un fondo",
  "card6Description" : "Compruebe que la capa Fondo es la capa activa haciendo clic en esa capa. \n\nAhora, arrastre y suelte una imagen de fondo en el escenario desde el panel Recursos. \n\nMueva el fondo para alinear la esquina superior izquierda de la imagen con la parte superior izquierda del escenario. \n\nNo se preocupe si el personaje desaparece.",
  "card6StepInfo" : "6 de 14",
  "card6PosAction" : "Siguiente",
  "card6NegAction" : "Anterior",
  "card6Node" : "PanelID_601$$-1/0/OS_ViewContainer,0/1/UI_SubView,6/1/UI_SubView",
  "card7title" : "Ordene sus capas",
  "card7Description" : "Su personaje ha desaparecido del escenario ya que está actualmente detrás de la capa de fondo. \n\nArrastre la capa Personaje encima de la capa Fondo. El personaje debería aparecer.",
  "card7StepInfo" : "7 de 14",
  "card7PosAction" : "Siguiente",
  "card7NegAction" : "Anterior",
  "card7Node" : "PanelID_266$$-1/0/OS_ViewContainer,0/1/UI_ScrollView,0/1/UI_ScrollTransformView,0/1/UI_SubView,0/1/TimelinePanelRoot,0/1/TrackControl,0/1/LayerHeader",
  "card8title" : "Pruebe su animación",
  "card8Description" : "Probemos nuestra animación haciendo clic en el botón Probar película. \n\nEstá funcionando pero el hombre está caminando en el mismo lugar. \n\nMovamos el fondo para dar la ilusión de que el hombre avanza mientras se queda en el centro de la vista.",
  "card8StepInfo" : "8 de 14",
  "card8PosAction" : "Siguiente",
  "card8NegAction" : "Anterior",
  "card8Node" : "PanelID_508$$-1/0/OS_ViewContainer,0/1/UI_ScrollView,0/1/UI_ScrollTransformView,0/1/UI_SubView,0/1/appHeaderCommandsPanel,0/1/UI_AppHeader_Play",
  "card9title" : "Información sobre la interpolación de movimiento",
  "card9Description" : "Para añadir movimiento al fondo, necesitamos aplicar lo que se conoce como Interpolación. Usaremos Interpolación de movimiento para este caso. Los siguientes pasos explican cómo hacerlo. \nHaga clic en el botón Abrir Ayuda y Siguiente, y llegará a la página de ayuda de Interpolación de movimiento en el explorador y pase al siguiente paso. \nVuelva al tutorial después de leer esta documentación.",
  "card9StepInfo" : "",
  "card9PosAction" : "Abrir Ayuda y siguiente",
  "card9NegAction" : "Anterior",
  "card10title" : "Extienda la duración de su animación",
  "card10Description" : "Crearemos una animación de 150 fotogramas de duración. \n\nPara hacer esto, haga clic en el fotograma 150 en la capa Personaje. \n\nMantenga pulsado el botón Insertar fotograma clave y seleccione la opción Fotograma. \n\nDespués, seleccione Fotograma 150 en la capa Fondo y haga clic en el mismo botón (Fotograma).",
  "card10StepInfo" : "9 de 14",
  "card10PosAction" : "Siguiente",
  "card10NegAction" : "Anterior",
  "card10Node" : "PanelID_266$$-1/0/OS_ViewContainer,0/1/UI_ScrollView,0/1/UI_ScrollTransformView,0/1/UI_SubView,0/1/TimelinePanelRoot,0/1/TrackControl,0/1/TimelineHeader,0/1/HeaderRightControls,0/1/StatusWindow,0/1/FrameControls,0/1/KeyframeButton",
  "card11title" : "Añadir interpolación de movimiento",
  "card11Description" : "Haga clic en el último fotograma de la capa Fondo. \n\nDespués, pulse el botón izquierdo del ratón sobre el botón Interpolación y seleccione Interpolación de movimiento",
  "card11StepInfo" : "10 de 14",
  "card11PosAction" : "Siguiente",
  "card11NegAction" : "Anterior",
  "card11Node" : "PanelID_266$$-1/0/OS_ViewContainer,0/1/UI_ScrollView,0/1/UI_ScrollTransformView,0/1/UI_SubView,0/1/TimelinePanelRoot,0/1/TrackControl,0/1/TimelineHeader,0/1/HeaderRightControls,0/1/StatusWindow,0/1/OnionSkinControls,0/1/TimelineTween",
  "card12title" : "Mover imagen de fondo",
  "card12Description" : "Mueva la imagen de fondo en el escenario a la izquierda de modo que la esquina superior derecha de la imagen coincida con la esquina superior derecha del escenario.",
  "card12StepInfo" : "11 de 14",
  "card12PosAction" : "Siguiente",
  "card12NegAction" : "Anterior",
  "card13title" : "Pruebe su animación",
  "card13Description" : "Pruebe su animación haciendo clic en el botón Probar película. \n\nSe debe ver al hombre caminando y también moviéndose. Lo hicimos moviendo el fondo para crear esta ilusión.",
  "card13StepInfo" : "12 de 14",
  "card13PosAction" : "Siguiente",
  "card13NegAction" : "Anterior",
  "card13Node" : "PanelID_508$$-1/0/OS_ViewContainer,0/1/UI_ScrollView,0/1/UI_ScrollTransformView,0/1/UI_SubView,0/1/appHeaderCommandsPanel,0/1/UI_AppHeader_Play",
  "card14title" : "Comparta la animación en Twitter",
  "card14Description" : "Si lo desea, comparta su animación en Twitter haciendo clic en el botón Compartir rápido. \n\nEscriba el Tweet y haga clic en el botón “Compartir”. Deberá conectarse a Twitter si aún no ha iniciado sesión. \n\nAnimate cederá el control a AME (Adobe Media Encoder) para convertir el vídeo. AME tarda un tiempo en iniciarse, tenga paciencia. Vuelva a Animate si el enfoque cambia a AME después de iniciarse.",
  "card14StepInfo" : "13 de 14",
  "card14PosAction" : "Siguiente",
  "card14NegAction" : "Anterior",
  "card15title" : "¡Enhorabuena!",
  "card15Description" : "¡Enhorabuena! Ha completado este tutorial. En este tutorial ha aprendido a lo siguiente: \n - Usar recursos del panel Recursos - Crear y cambiar el nombre de capas\n - Cambiar el orden de las capas\n - Agregar movimiento\n - Probar de la animación \n - Compartir la animación en Twitter\n\nHaga clic en Siguiente tutorial si desea ir al siguiente tutorial de la serie. De lo contrario, haga clic en el enlace Omitir tutorial en la esquina superior derecha de esta tarjeta.",
  "card15StepInfo" : "14 de 14",
  "card15PosAction" : "Siguiente tutorial",
  "card15NegAction" : "Anterior"
}