{
  "name" : "Animación de una muñeca",
  "title" : "Animación de una muñeca",
  "description" : "",
  "card1title" : "Introducción",
  "card1Description" : "En este vídeo crearemos una simple animación de muñecas usando los conceptos básicos de Animate. ",
  "card1StepInfo" : "",
  "card1PosAction" : "Empezar",
  "card1NegAction" : "Anterior",
  "card2title" : "Crear símbolos gráficos",
  "card2Description" : "1. Pase el cursor por encima de la capa \"Cabeza\" y haga clic en el icono de bloqueo. Ahora, haga clic en la capa \"Tronco\" y vaya al panel \"Propiedades\" -> Ficha Objeto -> Haga clic en el icono \"Convertir en símbolo\". Asígnele el nombre \"Tronco\" y establezca el \"Tipo\" como \"Gráfico\".\n2. Desbloquee la capa \"Cabeza\" y bloquee la capa \"Tronco\" como se muestra en el vídeo anterior. Haga clic en la capa \"Cabeza\" y vaya al panel \"Propiedades\" -> ficha Objeto -> Haga clic en el icono \"Convertir en símbolo\". Asigne el nombre \"Cabeza\" y establezca el \"Tipo\" como \"Gráfico\".\n3. Ahora desbloquee ambas capas.",
  "card2StepInfo" : "1 de 8",
  "card2PosAction" : "Siguiente",
  "card2NegAction" : "Anterior",
  "card2Node" : "PanelID_266$$-1/0/OS_ViewContainer,0/1/UI_ScrollView,0/1/UI_ScrollTransformView,0/1/UI_SubView,0/1/TimelinePanelRoot,0/1/TrackControl,0/1/TimelineHeader,0/1/HeaderLeftControls,0/1/AdvancedFeatureControls,0/1/TimelineAddRemoveCamera",
  "card3title" : "Establecer puntos de transformación",
  "card3Description" : "Seleccione la herramienta \"Transformación libre\", haga clic en el símbolo \"Cabeza\" y, a continuación, mueva el punto de transformación hacia el centro inferior como se muestra en el vídeo.\nRepita lo mismo con el símbolo \"Tronco\".",
  "card3StepInfo" : "2 de 8",
  "card3PosAction" : "Siguiente",
  "card3NegAction" : "Anterior",
  "card3Node" : "PanelID_273$$-1/0/OS_ViewContainer,0/1/UI_ScrollView,0/1/UI_ScrollTransformView,0/1/UI_SubView,0/1/ToolPanelRoot,0/1/ToolsContainer,0/1/33507",
  "card4title" : "Configuración de la Jerarquía de capas",
  "card4Description" : "\nHaga clic en el icono \"Mostrar vista de jerarquía\". Ahora, haga que la cabeza se conecte al tronco arrastrando la capa de la cabeza a la capa del tronco en la sección de jerarquía del panel Cronología (como se muestra en el vídeo anterior)",
  "card4StepInfo" : "3 de 8",
  "card4PosAction" : "Siguiente",
  "card4NegAction" : "Anterior",
  "card4Node" : "PanelID_266$$-1/0/OS_ViewContainer,0/1/UI_ScrollView,0/1/UI_ScrollTransformView,0/1/UI_SubView,0/1/TimelinePanelRoot,0/1/TrackControl,0/1/TimelineHeader,0/1/HeaderLeftControls,0/1/AdvancedFeatureControls,0/1/ParentingTabButton",
  "card5title" : "Modificar posturas y extender la cronología",
  "card5Description" : "1. Abra el panel \"Transformar\" desde Ventana -> Menú Transformar. Seleccione el símbolo Cabeza en el escenario y establezca el valor de giro 15 en el panel Transformar. Seleccione el símbolo del tronco y establezca el valor de giro 5.\n2. Haga clic en el fotograma 50 de la capa \"Cabeza\" y mantenga pulsada la tecla Mayús y, a continuación, haga clic en el fotograma 50 de la capa \"Tronco\" y, a continuación, haga clic en el icono Insertar fotograma clave automático en la cronología como se muestra en el vídeo.\n3. Repita el paso anterior en el fotograma 25 de ambas capas. Seleccione el símbolo Cabeza y establezca el valor de giro -15 en el panel Transformar. Seleccione el símbolo del tronco y establezca el valor de giro 5.",
  "card5StepInfo" : "4 de 8",
  "card5PosAction" : "Siguiente",
  "card5NegAction" : "Anterior",
  "card5Node" : "PanelID_266$$-1/0/OS_ViewContainer,0/1/UI_ScrollView,0/1/UI_ScrollTransformView,0/1/UI_SubView,0/1/TimelinePanelRoot,0/1/TrackControl,0/1/TimelineHeader,0/1/HeaderLeftControls,0/1/TimelineDisplayModeButton",
  "card6title" : "Añadir interpolación clásica",
  "card6Description" : "En primer lugar, haga clic en cualquier fotograma del 1 al 25 de la capa de cabeza y, a continuación, haga clic en el botón \"Crear interpolación clásica\" del panel Cronología. A continuación, haga clic en cualquier fotograma entre 26 y 50, y después en el botón \"Crear interpolación clásica\" como se muestra en el vídeo. Repita lo mismo con la capa de tronco. ",
  "card6StepInfo" : "5 de 8",
  "card6PosAction" : "Siguiente",
  "card6NegAction" : "Anterior",
  "card6Node" : "PanelID_266$$-1/0/OS_ViewContainer,0/1/UI_ScrollView,0/1/UI_ScrollTransformView,0/1/UI_SubView,0/1/TimelinePanelRoot,0/1/TrackControl,0/1/TimelineHeader,0/1/HeaderRightControls,0/1/StatusWindow,0/1/OnionSkinControls,0/1/TimelineTween",
  "card7title" : "Modificar la flexibilización",
  "card7Description" : "1. Haga clic en cualquier fotograma (1 a 25) de una interpolación en la capa \"Cabeza\" \n2. Vaya al panel \"Propiedades\" -> Ficha \"Fotograma\" -> Sección \"Interpolación\". Haga clic en el botón Efecto y elija la opción \"Facilitar entrada\" y luego haga doble clic en la opción \"Cúbico\". Asegúrese de que el efecto de fácil acceso cúbico esté activado.\n\nRepita los pasos anteriores para los demás intervalos de interpolación de las capas Cabeza y Tronco como se muestra en el vídeo.\n\nConsulte la animación haciendo clic en \"Probar película\" en la ventana superior derecha de la aplicación.",
  "card7StepInfo" : "6 de 8",
  "card7PosAction" : "Siguiente",
  "card7NegAction" : "Anterior",
  "card7Node" : "PanelID_266$$-1/0/OS_ViewContainer,0/1/UI_ScrollView,0/1/UI_ScrollTransformView,0/1/UI_SubView,0/1/TimelinePanelRoot,0/1/TrackControl,0/1/TimelineHeader,0/1/HeaderRightControls,0/1/ZoomControls,0/1/TimelineCellMode",
  "card8title" : "Personalizar el color de fondo",
  "card8Description" : "Haga clic en un área vacía del escenario. Vaya al panel \"Propiedades\" -> Ficha \"Doc\" -> sección \"Configuración del documento\" y establezca el color de escenario que quiera.",
  "card8StepInfo" : "7 de 8",
  "card8PosAction" : "Siguiente",
  "card8NegAction" : "Anterior",
  "card8Node" : "PanelID_266$$-1/0/OS_ViewContainer,0/1/UI_ScrollView,0/1/UI_ScrollTransformView,0/1/UI_SubView,0/1/TimelinePanelRoot,0/1/TrackControl,0/1/TimelineHeader,0/1/HeaderRightControls,0/1/ZoomControls,0/1/TimelineCellMode",
  "card9title" : "Compartir en medios sociales",
  "card9Description" : "Comparta la animación en medios sociales como se muestra en el vídeo de arriba.",
  "card9StepInfo" : "",
  "card9PosAction" : "Siguiente",
  "card9NegAction" : "Anterior",
  "card9Node" : "%DocName$$-1/0/OS_ViewContainer,0/1/UI_ScrollView,0/1/UI_ScrollTransformView,0/1/UI_SubView,4/1/UI_SubView,0/1/UI_ControlsContainer,0/1/UI_ScrollTransformView,0/1/UI_SubView,0/1/parentSubview,0/1/StageClipperButton",
  "card10title" : "¡Enhorabuena!",
  "card10Description" : "Felicitaciones por completar este tutorial. Ha aprendido mucho sobre la jerarquía, la interpolación, la flexibilización, las transformaciones y mucho más. ¡Siga adelante!",
  "card10StepInfo" : "8 de 8",
  "card10PosAction" : "Fin",
  "card10NegAction" : "Anterior"
}