﻿<?xml version="1.0" encoding="UTF-8"?>
<MotionPresets>
	<name source="bounce-in-3D" target="bounce-in-3D"></name>
	<name source="bounce-out-3D" target="bounce-out-3D"></name>
	<name source="bounce-smoosh" target="bounce-smoosh"></name>
	<name source="fly-in-blur-bottom" target="fly-in-blur-bottom"></name>
	<name source="fly-in-blur-left" target="fly-in-blur-left"></name>
	<name source="fly-in-blur-right" target="fly-in-blur-right"></name>
	<name source="fly-in-blur-top" target="fly-in-blur-top"></name>
	<name source="fly-in-bottom" target="fly-in-bottom"></name>
	<name source="fly-in-left" target="fly-in-left"></name>
	<name source="fly-in-right" target="fly-in-right"></name>
	<name source="fly-in-top" target="fly-in-top"></name>
	<name source="fly-out-bottom" target="fly-out-bottom"></name>
	<name source="fly-out-left" target="fly-out-left"></name>
	<name source="fly-out-right" target="fly-out-right"></name>
	<name source="fly-out-top" target="fly-out-top"></name>
	<name source="flyin-pause-flyout" target="flyin-pause-flyout"></name>
	<name source="large-bounce" target="large-bounce"></name>
	<name source="med-bounce" target="med-bounce"></name>
	<name source="multiple-bounce" target="multiple-bounce"></name>
	<name source="pulse" target="pulse"></name>
	<name source="small-bounce" target="small-bounce"></name>
	<name source="smoke" target="smoke"></name>
	<name source="spiral-3D" target="spiral-3D"></name>
	<name source="swoosh" target="swoosh"></name>
	<name source="text-scroll-3D" target="text-scroll-3D"></name>
	<name source="wave" target="wave"></name>
	<name source="zoom-in-2D" target="zoom-in-2D"></name>
	<name source="zoom-in-3D" target="zoom-in-3D"></name>
	<name source="zoom-out-2D" target="zoom-out-2D"></name>
	<name source="zoom-out-3D" target="zoom-out-3D"></name>
</MotionPresets>