{
"name":"Dancing Flames",
"title":"Dancing Flames",
"description":"This video will introduce you to the basic building blocks of keyframe animation such as 'Symbol' and 'Tween'.",

"card1title":"Dancing Flames",
"card1Description":"Let’s get this fire crackling in 17 easy steps. Start by adding the tools you require.",
"card1StepInfo":"",
"card1PosAction":"Start",
"card1NegAction":"",
"card1Node":"%DocName$$-1/0/OS_ViewContainer,0/1/UI_ScrollView,0/1/UI_ScrollTransformView,0/1/UI_SubView,4/1/UI_SubView,0/1/UI_ControlsContainer,0/1/UI_ScrollTransformView,0/1/UI_SubView,0/1/parentSubview,0/1/UI_Hidden_Coachmark_Anchor",

"card2title":"Add Polystar Tool",
"card2Description":"This will help you customize the toolbar. Click here and drag ‘Polystar Tool’ to toolbar.",
"card2StepInfo":"1 of 17",
"card2PosAction":"Next",
"card2NegAction":"Prev",
"card2Node":"PanelID_273$$-1/0/OS_ViewContainer,0/1/UI_ScrollView,0/1/UI_ScrollTransformView,0/1/UI_SubView,0/1/ToolPanelRoot,0/1/ThreeDotsButton",

"card2Dupe_title":"Add Polystar Tool",
"card2Dupe_Description":"This will help you customize the toolbar. Click here and drag ‘Polystar Tool’ to toolbar.",
"card2Dupe_StepInfo":"1 of 17",
"card2Dupe_PosAction":"Next",
"card2Dupe_NegAction":"Prev",
"card2Dupe_Node":"%DocName$$-1/0/OS_ViewContainer,0/1/UI_ScrollView,0/1/UI_ScrollTransformView,0/1/UI_SubView,4/1/UI_SubView,0/1/UI_ControlsContainer,0/1/UI_ScrollTransformView,0/1/UI_SubView,0/1/parentSubview,0/1/UI_Hidden_Coachmark_Anchor",


"card3title":"Properties panel",
"card3Description":"Properties panel is a one-stop shop for all settings related to ‘Tool’, ‘Object’, ‘Frame’ and ‘Document’.",
"card3StepInfo":"",
"card3PosAction":"Got it!",
"card3NegAction":"",
"card3Node":"PanelID_268$$-1/0/OS_ViewContainer,0/1/UI_ScrollView,0/1/UI_ScrollTransformView,0/1/UI_SubView,0/1/UI_SubView,0/1/UI_SubView,0/1/UI_ControlView,0/1/UI_ControlView_TextButton_0",

"card4title":"Draw a triangle",
"card4Description":"Change the number of sides to ‘3’ and draw a triangle at the centre of the stage as shown above.",
"card4StepInfo":"2 of 17",
"card4PosAction":"Next",
"card4NegAction":"Prev",
"card4Node":"PanelID_268$$-1/0/OS_ViewContainer",

"card5title":"Free transform tool",
"card5Description":"Looks great! Select ‘Free Transform Tool’ to stretch the triangle as shown above.",
"card5StepInfo":"3 of 17",
"card5PosAction":"Next",
"card5NegAction":"Prev",
"card5Node":"PanelID_273$$-1/0/OS_ViewContainer,0/1/UI_ScrollView,0/1/UI_ScrollTransformView,0/1/UI_SubView,0/1/ToolPanelRoot,0/1/ToolsContainer,0/1/33507",

"card6title":"Symbol",
"card6Description":"A symbol is a reusable object that can be used to create instances from a single object. In our example, once you create a symbol for ‘flame’, you can reuse it to create instances and variations of a flame.",
"card6StepInfo":"",
"card6PosAction":"Got it!",
"card6NegAction":"",
"card6Node":"%DocName$$-1/0/OS_ViewContainer,0/1/UI_ScrollView,0/1/UI_ScrollTransformView,0/1/UI_SubView,4/1/UI_SubView,0/1/UI_ControlsContainer,0/1/UI_ScrollTransformView,0/1/UI_SubView,0/1/parentSubview,0/1/UI_Hidden_Coachmark_Anchor",

"card7title":"Convert to symbol",
"card7Description":"Under the ‘Object’ tab, click the icon to convert the triangle into a reusable Symbol. Let’s name it as ‘Flame’.",
"card7StepInfo":"4 of 17",
"card7PosAction":"Next",
"card7NegAction":"Prev",
"card7Node":"PanelID_268$$-1/0/OS_ViewContainer,0/1/UI_ScrollView,0/1/UI_ScrollTransformView,0/1/UI_SubView,0/1/UI_SubView,0/1/UI_SubView,0/1/UI_ControlView,0/1/UI_ControlView_TextButton_0",

"card8title":"Enter 'Flame' symbol",
"card8Description":"Double-click to view the timeline of ‘Flame’ symbol. Each symbol has a timeline and stage of its own.",
"card8StepInfo":"5 of 17",
"card8PosAction":"Next",
"card8NegAction":"Prev",
"card8Node":"PanelID_268$$-1/0/OS_ViewContainer",

"card9title":"Tweening",
"card9Description":"Tweening automatically generates frames in between two keyframes. It can be used to create simple motions such as morphing or displacement of an object.",
"card9StepInfo":"",
"card9PosAction":"Got it!",
"card9NegAction":"",
"card9Node":"PanelID_266$$-1/0/OS_ViewContainer,0/1/UI_ScrollView,0/1/UI_ScrollTransformView,0/1/UI_SubView,0/1/TimelinePanelRoot,0/1/TrackControl,0/1/TimelineHeader,0/1/HeaderRightControls,0/1/StatusWindow,0/1/OnionSkinControls,0/1/TimelineTween",

"card10title":"Create a tween",
"card10Description":"Select the keyframe on the Timeline and click the icon, ‘Create Classic Tween’. Simply click ‘OK’ when prompted. Shift the anchor point of the triangle to the base.",
"card10StepInfo":"6 of 17",
"card10PosAction":"Next",
"card10NegAction":"Prev",
"card10Node":"PanelID_266$$-1/0/OS_ViewContainer,0/1/UI_ScrollView,0/1/UI_ScrollTransformView,0/1/UI_SubView,0/1/TimelinePanelRoot,0/1/TrackControl,0/1/TimelineHeader,0/1/HeaderRightControls,0/1/StatusWindow,0/1/OnionSkinControls,0/1/TimelineTween",

"card11title":"Add keyframes",
"card11Description":"The flame is ready for animation. Insert keyframes at frame 12 and 24.",
"card11StepInfo":"7 of 17",
"card11PosAction":"Next",
"card11NegAction":"Prev",
"card11Node":"PanelID_266$$-1/0/OS_ViewContainer,0/1/UI_ScrollView,0/1/UI_ScrollTransformView,0/1/UI_SubView,0/1/TimelinePanelRoot,0/1/TrackControl,0/1/TimelineHeader,0/1/HeaderRightControls,0/1/StatusWindow,0/1/FrameControls,0/1/KeyframeButton",

"card12title":"Squash the triangle",
"card12Description":"Click on Keyframe 12, use ‘Free Transform Tool’ to lower the flame. Click ‘Play’ to preview animation.",
"card12StepInfo":"8 of 17",
"card12PosAction":"Next",
"card12NegAction":"Prev",
"card12Node":"PanelID_268$$-1/0/OS_ViewContainer",

"card13title":"Exit symbol",
"card13Description":"Click on the back arrow to exit the edit symbol mode. This will bring you back to the main timeline/stage.",
"card13StepInfo":"9 of 17",
"card13PosAction":"Next",
"card13NegAction":"Prev",
"card13Node":"%DocName$$-1/0/OS_ViewContainer,0/1/UI_ScrollView,0/1/UI_ScrollTransformView,0/1/UI_SubView,4/1/UI_SubView,0/1/UI_ControlsContainer,0/1/UI_ScrollTransformView,0/1/UI_SubView,0/1/parentSubview,0/1/BackButton",

"card14title":"Create copies of symbol",
"card14Description":"Hold ‘Alt’ (Win) or ‘Option’ (MacOS) key and drag to create multiple instances from a single flame.",
"card14StepInfo":"10 of 17",
"card14PosAction":"Next",
"card14NegAction":"Prev",
"card14Node":"PanelID_266$$-1/0/OS_ViewContainer,0/1/UI_ScrollView,0/1/UI_ScrollTransformView,0/1/UI_SubView,0/1/TimelinePanelRoot,0/1/TrackControl,0/1/TimelineHeader,0/1/HeaderRightControls,0/1/ZoomControls,0/1/TimelineCellMode",

"card15title":"Extend keyframes",
"card15Description":"Select frame 24 and long press on the icon to extend the frames. This will increase the duration of motion. Play to preview the animation.",
"card15StepInfo":"11 of 17",
"card15PosAction":"Next",
"card15NegAction":"Prev",
"card15Node":"PanelID_266$$-1/0/OS_ViewContainer,0/1/UI_ScrollView,0/1/UI_ScrollTransformView,0/1/UI_SubView,0/1/TimelinePanelRoot,0/1/TrackControl,0/1/TimelineHeader,0/1/HeaderRightControls,0/1/StatusWindow,0/1/FrameControls,0/1/KeyframeButton",

"card16title":"Customize symbol",
"card16Description":"To create variations in motion, click on each flame and select ‘Play in loop’. Now set the value to any number between 1 - 24.",
"card16StepInfo":"12 of 17",
"card16PosAction":"Next",
"card16NegAction":"Prev",
"card16Node":"PanelID_268$$-1/0/OS_ViewContainer",

"card17title":"Add color effects",
"card17Description":"Select any triangle, select ‘Tint’ under the ‘Color effects’ and change the tint values as shown above.",
"card17StepInfo":"13 of 17",
"card17PosAction":"Next",
"card17NegAction":"Prev",
"card17Node":"PanelID_268$$-1/0/OS_ViewContainer",

"card18title":"Play to preview",
"card18Description":"Once you are ready, click on the play button to preview.",
"card18StepInfo":"14 of 17",
"card18PosAction":"Next",
"card18NegAction":"Prev",
"card18Node":"PanelID_266$$-1/0/OS_ViewContainer,0/1/UI_ScrollView,0/1/UI_ScrollTransformView,0/1/UI_SubView,0/1/TimelinePanelRoot,0/1/TrackControl,0/1/TimelineHeader,0/1/HeaderRightControls,0/1/StatusWindow,0/1/PlaybackControl,0/1/PlayButton",

"card19title":"Add a ‘Layer’",
"card19Description":"Lock the current layer and add a new layer to place more objects to your animation. Layers help to manage visual order.",
"card19StepInfo":"15 of 17",
"card19PosAction":"Next",
"card19NegAction":"Prev",
"card19Node":"PanelID_266$$-1/0/OS_ViewContainer,0/1/UI_ScrollView,0/1/UI_ScrollTransformView,0/1/UI_SubView,0/1/TimelinePanelRoot,0/1/TrackControl,0/1/LayerHeader,0/1/LayerHeaderLeftControls,0/1/TimelineNewLayer",

"card20title":"Use Library for assets",
"card20Description":"Select the ‘Library’ panel, drag and drop 'Wood+Glow' symbol to the stage as shown.",
"card20StepInfo":"16 of 17",
"card20PosAction":"Next",
"card20NegAction":"Prev",
"card20Node":"%DocName$$-1/0/OS_ViewContainer,0/1/UI_ScrollView,0/1/UI_ScrollTransformView,0/1/UI_SubView,4/1/UI_SubView,0/1/UI_ControlsContainer,0/1/UI_ScrollTransformView,0/1/UI_SubView,0/1/parentSubview,0/1/CenterStageButton",

"card21title":"Play to preview",
"card21Description":"Looks good. Click here to view the preview.",
"card21StepInfo":"17 of 17",
"card21PosAction":"Done",
"card21NegAction":"Prev",
"card21Node":"PanelID_508$$-1/0/OS_ViewContainer,0/1/UI_ScrollView,0/1/UI_ScrollTransformView,0/1/UI_SubView,0/1/appHeaderCommandsPanel,0/1/UI_AppHeader_Play",

"card22title":"Congratulations!",
"card22Description":"Awesome! Save your animation and explore more tutorials from the learn tab",
"card22StepInfo":"",
"card22PosAction":"Exit",
"card22NegAction":"Prev",
"card22Node":"%DocName$$-1/0/OS_ViewContainer,0/1/UI_ScrollView,0/1/UI_ScrollTransformView,0/1/UI_SubView,4/1/UI_SubView,0/1/UI_ControlsContainer,0/1/UI_ScrollTransformView,0/1/UI_SubView,0/1/parentSubview,0/1/UI_Hidden_Coachmark_Anchor"
}