{
  "name" : "Hola, amigo",
  "title" : "Hola, amigo",
  "description" : "",
  "card1title" : "¡Empecemos!",
  "card1Description" : "Aprenda a añadir animación desde cero en 8 pasos simples.",
  "card1StepInfo" : "",
  "card1PosAction" : "Empezar",
  "card1NegAction" : "",
  "card1Node" : "%DocName$$-1/0/OS_ViewContainer,0/1/UI_ScrollView,0/1/UI_ScrollTransformView,0/1/UI_SubView,4/1/UI_SubView,0/1/UI_ControlsContainer,0/1/UI_ScrollTransformView,0/1/UI_SubView,0/1/parentSubview,0/1/UI_Hidden_Coachmark_Anchor",
  "card2title" : "Incorporar un personaje",
  "card2Description" : "En el 'Panel de recursos', arrastre y suelte un personaje en el escenario. Simplemente vaya a Predeterminado > Estático > Todos > Objetos > Hola Niño",
  "card2StepInfo" : "1 de 8",
  "card2PosAction" : "Siguiente",
  "card2NegAction" : "Anterior",
  "card2Node" : "%DocName$$-1/0/OS_ViewContainer,0/1/UI_ScrollView,0/1/UI_ScrollTransformView,0/1/UI_SubView,0/1/UI_ScrollView,1/1/UI_ScrollBar",
  "card3title" : "Colocar una plataforma estática",
  "card3Description" : "'Haga doble clic' sobre el personaje y luego arrastre y suelte una plataforma estática en el escenario. Ir a Predeterminado > Estático > Todos > Plataformas > Hello-Kid_Front",
  "card3StepInfo" : "2 de 8",
  "card3PosAction" : "Siguiente",
  "card3NegAction" : "Anterior",
  "card3Node" : "%DocName$$-1/0/OS_ViewContainer,0/1/UI_ScrollView,0/1/UI_ScrollTransformView,0/1/UI_SubView,0/1/UI_ScrollView,1/1/UI_ScrollBar",
  "card4title" : "Establecer una posición",
  "card4Description" : "Con la ayuda de la herramienta de selección, establezca la posición inicial simplemente moviendo las partes del personaje como se describe.",
  "card4StepInfo" : "3 de 8",
  "card4PosAction" : "Siguiente",
  "card4NegAction" : "Anterior",
  "card4Node" : "PanelID_273$$-1/0/OS_ViewContainer,0/1/UI_ScrollView,0/1/UI_ScrollTransformView,0/1/UI_SubView",
  "card5title" : "Establecer otra posición",
  "card5Description" : "Agregue un fotograma clave al fotograma 7 y establezca la posición como se ilustra aquí.",
  "card5StepInfo" : "4 de 8",
  "card5PosAction" : "Siguiente",
  "card5NegAction" : "Anterior",
  "card5Node" : "%DocName$$-2/0/OS_ViewContainer,0/1/UI_ScrollView,0/1/UI_ScrollTransformView,0/1/UI_SubView,0/1/UI_ScrollView,1/1/UI_ScrollBar",
  "card6title" : "Añadir última posición",
  "card6Description" : "Añada otro fotograma al fotograma 15. Copie la primera posición y péguela en la posición 15 para permitir un movimiento fluido.",
  "card6StepInfo" : "5 de 8",
  "card6PosAction" : "Siguiente",
  "card6NegAction" : "Anterior",
  "card6Node" : "%DocName$$-2/0/OS_ViewContainer,0/1/UI_ScrollView,0/1/UI_ScrollTransformView,0/1/UI_SubView,0/1/UI_ScrollView,1/1/UI_ScrollBar",
  "card7title" : "¡Es hora de obtener una vista previa!",
  "card7Description" : "Active 'Bucle' y pulse 'Reproducir' para obtener una vista previa de su animación.",
  "card7StepInfo" : "6 de 8",
  "card7PosAction" : "Siguiente",
  "card7NegAction" : "Anterior",
  "card7Node" : "%DocName$$-2/0/OS_ViewContainer,0/1/UI_ScrollView,0/1/UI_ScrollTransformView,0/1/UI_SubView,0/1/UI_ScrollView,1/1/UI_ScrollBar",
  "card8title" : "Añadir duración",
  "card8Description" : "Vaya a la cronología principal haciendo clic en la escena 1. Haga clic en el fotograma 15 e insértelo para ampliar la duración de modo que pueda representarse cuando se publique o se exporte para vídeo.",
  "card8StepInfo" : "7 de 8",
  "card8PosAction" : "Siguiente",
  "card8NegAction" : "Anterior",
  "card8Node" : "%DocName$$-2/0/OS_ViewContainer,0/1/UI_ScrollView,0/1/UI_ScrollTransformView,0/1/UI_SubView,0/1/UI_ScrollView,1/1/UI_ScrollBar",
  "card9title" : "¿Le gustaría compartir su creación?",
  "card9Description" : "Compartir su trabajo en sus redes sociales favoritas está a solo un clic de distancia. Simplemente haga clic en Compartir en redes sociales > YouTube, complete los detalles y pulse compartir. Por supuesto, tendrá que iniciar sesión.",
  "card9StepInfo" : "8 de 8",
  "card9PosAction" : "Fin",
  "card9NegAction" : "Anterior",
  "card9Node" : "%DocName$$-1/0/OS_ViewContainer,0/1/UI_ScrollView,0/1/UI_ScrollTransformView,0/1/UI_SubView,0/1/UI_ScrollView,1/1/UI_ScrollBar"
}