{"name":"Amusement Park Swing Animation","title":"Amusement Park Swing Animation","description":"","card1title":"Introduction","card1Description":"In this tutorial we will animate an amusement park swing as shown above.  ","card1StepInfo":"","card1PosAction":"Start","card1NegAction":"Previous","card1Node":"%DocName$$-1/0/OS_ViewContainer,0/1/UI_ScrollView,0/1/UI_ScrollTransformView,0/1/UI_SubView,4/1/UI_SubView,0/1/UI_ControlsContainer,0/1/UI_ScrollTransformView,0/1/UI_SubView,0/1/parentSubview,0/1/UI_Hidden_Coachmark_Anchor","card2title":"Lock the SupportStructure layer","card2Description":"First, let's lock the layer which we do not want to get it modified. Mouse hover the 'SupportStructure' layer and click the lock icon as shown in the above video","card2StepInfo":"1 of 8","card2PosAction":"Next","card2NegAction":"Previous","card2Node":"PanelID_266$$-1/0/OS_ViewContainer,0/1/UI_ScrollView,0/1/UI_ScrollTransformView,0/1/UI_SubView,0/1/TimelinePanelRoot,0/1/TrackControl,0/1/TimelineHeader,0/1/HeaderLeftControls,0/1/AdvancedFeatureControls,0/1/TimelineAddRemoveCamera","card3title":"Create a Graphic symbol","card3Description":"Select 'Ship' and 'holding string' objects on the stage. Goto 'Properties' panel -> 'Object' tab -> click on 'Covert to Symbol' icon.\nName the symbol as 'Ship' and select the 'Type' as 'Graphic'","card3StepInfo":"2 of 8","card3PosAction":"Next","card3NegAction":"Previous","card3Node":"PanelID_266$$-1/0/OS_ViewContainer,0/1/UI_ScrollView,0/1/UI_ScrollTransformView,0/1/UI_SubView,0/1/TimelinePanelRoot,0/1/TrackControl,0/1/TimelineHeader,0/1/HeaderRightControls,0/1/ZoomControls,0/1/TimelinePreviewMode","card4title":"Set the Transform Point","card4Description":"Click 'Free Transform' tool, select the 'Ship' symbol and move the 'Transform point' under the flag where the holding strings meet as shown in the above video.\nTransformation point defines the axis of rotation. Mouse hover near the bottom-right edge of the selected symbol such that the cursor turns into rotation cursor and now drag it to its left to rotate the ship as shown in the above video.","card4StepInfo":"3 of 8","card4PosAction":"Next","card4NegAction":"Previous","card4Node":"PanelID_273$$-1/0/OS_ViewContainer,0/1/UI_ScrollView,0/1/UI_ScrollTransformView,0/1/UI_SubView,0/1/ToolPanelRoot,0/1/ToolsContainer,0/1/33507","card5title":"Extend the Timeline","card5Description":"Click on Frame 100 of 'SupportStructure' layer and hold down Shift key then click on Frame 100 of 'Ship' layer, now click 'Insert Auto keyframe' icon in the timeline as shown in the video.\nClick on frame 50 of 'Ship' layer and rotate the ship to the right as shown in the video.","card5StepInfo":"4 of 8","card5PosAction":"Next","card5NegAction":"Previous","card5Node":"PanelID_266$$-1/0/OS_ViewContainer,0/1/UI_ScrollView,0/1/UI_ScrollTransformView,0/1/UI_SubView,0/1/TimelinePanelRoot,0/1/TrackControl,0/1/TimelineHeader,0/1/HeaderLeftControls,0/1/TimelineDisplayModeButton","card6title":"Add Classic Tween","card6Description":"Now, you have two frame spans on 'Ship' layer. First, click on any frame from 1 to 50 and click on 'Create classic tween' button. Then, click on any frame between 51 to 100 and click on 'Create classic tween' icon as shown in the video.\nNow click 'Test Movie' icon and see the Animation. Animation looks a bit mechanical. We will fix it in next step.","card6StepInfo":"5 of 8","card6PosAction":"Next","card6NegAction":"Previous","card6Node":"PanelID_266$$-1/0/OS_ViewContainer,0/1/UI_ScrollView,0/1/UI_ScrollTransformView,0/1/UI_SubView,0/1/TimelinePanelRoot,0/1/TrackControl,0/1/TimelineHeader,0/1/HeaderRightControls,0/1/StatusWindow,0/1/OnionSkinControls,0/1/TimelineTween","card7title":"Modify Easing","card7Description":"Click on any one of the tween spans in 'Ship' layer (say frame 1 to 50) and goto 'Properties' panel -> 'Frame' tab -> 'Tweening' section then click on Effect button and choose\n'Ease In Out' option then double click on the 'Cubic'. Make sure the Cubic Ease-In-Out effect is set.\nRepeat the above step for other tween span (say frame 51 to 100).\nTest the animation again using 'Test Movie' icon on the right-top. It looks good now.","card7StepInfo":"6 of 8","card7PosAction":"Next","card7NegAction":"Previous","card7Node":"PanelID_268$$-1/0/OS_ViewContainer,0/1/UI_ScrollView,0/1/UI_ScrollTransformView,0/1/UI_SubView,0/1/UI_SubView,0/1/UI_SubView,0/1/UI_TabViewContainer,1/1/UI_TabView,2/1/UI_ScrollView,0/1/UI_ScrollTransformView,0/1/UI_SubView,0/1/an::UI_ArrangeablePlacardView,0/1/piTextFont,2/1/UI_SubView,0/1/UI_PITEXTFONT","card8title":"Personalize the Background Color","card8Description":"Click on an empty area of the stage. Goto 'Properties panel' -> 'Doc' tab -> 'Document Settings' section and set the stage color of your choice.","card8StepInfo":"7 of 8","card8PosAction":"Next","card8NegAction":"Previous","card8Node":"PanelID_268$$-1/0/OS_ViewContainer,0/1/UI_ScrollView,0/1/UI_ScrollTransformView,0/1/UI_SubView,0/1/UI_SubView,0/1/UI_SubView,0/1/UI_TabViewContainer,1/1/UI_TabView,2/1/UI_ScrollView,0/1/UI_ScrollTransformView,0/1/UI_SubView,0/1/an::UI_ArrangeablePlacardView,0/1/piDocumentProperties","card9title":"Share on Social Media","card9Description":"Share your Animation on social media as shown in the video.\nCongratulations on completing this tutorial. You learnt about Symbols, Keyframes, Tweening, Easing and more!","card9StepInfo":"8 of 8","card9PosAction":"End","card9NegAction":"Previous","card9Node":"%DocName$$-1/0/OS_ViewContainer,0/1/UI_ScrollView,0/1/UI_ScrollTransformView,0/1/UI_SubView,4/1/UI_SubView,0/1/UI_ControlsContainer,0/1/UI_ScrollTransformView,0/1/UI_SubView,0/1/parentSubview,0/1/StageClipperButton"}