{
  "name" : "Caminata del granjero",
  "title" : "Caminata del granjero",
  "description" : "",
  "card1title" : "¡Empecemos!",
  "card1Description" : "Aprenda a crear una caminata en 7 pasos rápidos y sencillos.",
  "card1StepInfo" : "",
  "card1PosAction" : "Empezar",
  "card1NegAction" : "",
  "card1Node" : "%DocName$$-1/0/OS_ViewContainer,0/1/UI_ScrollView,0/1/UI_ScrollTransformView,0/1/UI_SubView,0/1/UI_ScrollView,1/1/UI_ScrollBar",
  "card2title" : "Incorporar un personaje",
  "card2Description" : "Arrastre y suelte un personaje en el escenario. Vaya a Predeterminado > Estático > Personajes > Objetos > Granjero.",
  "card2StepInfo" : "1 de 7",
  "card2PosAction" : "Siguiente",
  "card2NegAction" : "Anterior",
  "card2Node" : "%DocName$$-1/0/OS_ViewContainer,0/1/UI_ScrollView,0/1/UI_ScrollTransformView,0/1/UI_SubView,0/1/UI_ScrollView,1/1/UI_ScrollBar",
  "card3title" : "Colocar una plataforma de movimiento",
  "card3Description" : "Haga doble clic sobre el personaje, luego arrastre y suelte una plataforma animada sobre él. Vaya a Recursos > Predeterminado > Animado > Plataformas > Caminar.",
  "card3StepInfo" : "2 de 7",
  "card3PosAction" : "Siguiente",
  "card3NegAction" : "Anterior",
  "card3Node" : "%DocName$$-1/0/OS_ViewContainer,0/1/UI_ScrollView,0/1/UI_ScrollTransformView,0/1/UI_SubView,0/1/UI_ScrollView,1/1/UI_ScrollBar",
  "card4title" : "Pulsar Reproducir",
  "card4Description" : "Seleccione el bucle de animación y, a continuación, haga clic en “Reproducir” en la cronología para ver su primera caminata.",
  "card4StepInfo" : "3 de 7",
  "card4PosAction" : "Siguiente",
  "card4NegAction" : "Anterior",
  "card4Node" : "PanelID_266$$-1/0/OS_ViewContainer,0/1/UI_ScrollView,0/1/UI_ScrollTransformView,0/1/UI_SubView,0/1/TimelinePanelRoot,0/1/TrackControl,0/1/TimelineHeader,0/1/HeaderRightControls",
  "card5title" : "Reemplazar movimiento",
  "card5Description" : "¿No le gusta el resultado? Incorpore una plataforma de movimiento diferente esta vez. Vaya a Recursos > Predeterminado > Animado > Plataformas > Salto. Arrastre y suelte el recurso “Salto” en el personaje animado actual.",
  "card5StepInfo" : "4 de 7",
  "card5PosAction" : "Siguiente",
  "card5NegAction" : "Anterior",
  "card5Node" : "%DocName$$-1/0/OS_ViewContainer,0/1/UI_ScrollView,0/1/UI_ScrollTransformView,0/1/UI_SubView,0/1/UI_ScrollView,1/1/UI_ScrollBar",
  "card6title" : "Previsualizar",
  "card6Description" : "Haga clic en “Reproducir” en la esquina superior derecha para previsualizar la animación.",
  "card6StepInfo" : "5 de 7",
  "card6PosAction" : "Siguiente",
  "card6NegAction" : "Anterior",
  "card6Node" : "%DocName$$-1/0/OS_ViewContainer,0/1/UI_ScrollView,0/1/UI_ScrollTransformView,0/1/UI_SubView,0/1/UI_ScrollView,1/1/UI_ScrollBar",
  "card7title" : "Guardar",
  "card7Description" : "No olvide guardar su creación.",
  "card7StepInfo" : "6 de 7",
  "card7PosAction" : "Siguiente",
  "card7NegAction" : "Anterior",
  "card7Node" : "%DocName$$-1/0/OS_ViewContainer,0/1/UI_ScrollView,0/1/UI_ScrollTransformView,0/1/UI_SubView,4/1/UI_SubView,0/1/UI_ControlsContainer,0/1/UI_ScrollTransformView,0/1/UI_SubView,0/1/parentSubview,0/1/PathBarView,0/1/UI_SubView",
  "card8title" : "Publicación rápida",
  "card8Description" : "Por último, haga clic con el botón derecho del ratón para dividir el símbolo y publicar el archivo en un solo clic usando el icono Compartir de la esquina superior derecha.",
  "card8StepInfo" : "7 de 7",
  "card8PosAction" : "Siguiente",
  "card8NegAction" : "Anterior",
  "card8Node" : "%DocName$$-1/0/OS_ViewContainer,0/1/UI_ScrollView,0/1/UI_ScrollTransformView,0/1/UI_SubView,0/1/UI_ScrollView,1/1/UI_ScrollBar",
  "card9title" : "¡Bien hecho!",
  "card9Description" : "Enhorabuena por terminar el tutorial de caminata del granjero. Eche un vistazo a las sugerencias y trucos del siguiente tutorial.",
  "card9StepInfo" : "",
  "card9PosAction" : "Continuar",
  "card9NegAction" : "Fin"
}