<?xml version="1.0" encoding="UTF-8" standalone="yes"?>
<Query>
<Header>
<Version major="5" minor="1">
</Version>
<Application value="Adobe InDesign">
</Application>
<QueryType value="Object" qid="3">
</QueryType>
</Header>
<Description>
<Scope value="2">
</Scope>
<ObjectType value="0">
</ObjectType>
<FindChangeOptions>
<IncludeLockedLayers value="0">
</IncludeLockedLayers>
<IncludeLockedStories value="0">
</IncludeLockedStories>
<IncludeMasterPages value="0">
</IncludeMasterPages>
<IncludeHiddenLayers value="0">
</IncludeHiddenLayers>
<IncludeFootnotes value="1">
</IncludeFootnotes>
</FindChangeOptions>
<FindFormatSettings>
<GraphicsAttribute cls_id="28260" value="Black">
</GraphicsAttribute>
</FindFormatSettings>
<ReplaceFormatSettings>
<GraphicsAttribute cls_id="28263" value="1">
</GraphicsAttribute>
</ReplaceFormatSettings>
</Description>
</Query>
