{
  "name" : "Animación Caminar: Efectos de fotogramas",
  "title" : "Animación Caminar: Efectos de fotogramas",
  "description" : "",
  "card1title" : "Configurar el escenario para que se ajuste la ventana",
  "card1Description" : "En este tutorial continuaremos donde lo dejamos en el último tutorial (Animación de caminata: Montar). \n\nCambie el tamaño del escenario a Ajustar a la ventana",
  "card1StepInfo" : "1 de 9",
  "card1PosAction" : "Siguiente",
  "card1NegAction" : "Anterior",
  "card1Node" : "%DocName$$-1/0/OS_ViewContainer,0/1/UI_ScrollView,0/1/UI_ScrollTransformView,0/1/UI_SubView,4/1/UI_SubView,0/1/UI_ControlsContainer,0/1/UI_ScrollTransformView,0/1/UI_SubView,0/1/parentSubview,0/1/UI_UnitNumberEdit,2/1/UI_SubView,0/1/UI_UnitNumberEdit_PopupList",
  "card2title" : "Agregar nueva capa",
  "card2Description" : " Cree una nueva capa y llámela Luna",
  "card2StepInfo" : "2 de 9",
  "card2PosAction" : "Siguiente",
  "card2NegAction" : "Anterior",
  "card2Node" : "PanelID_266$$-1/0/OS_ViewContainer,0/1/UI_ScrollView,0/1/UI_ScrollTransformView,0/1/UI_SubView,0/1/TimelinePanelRoot,0/1/TrackControl,0/1/LayerHeader,0/1/LayerHeaderLeftControls,0/1/TimelineNewLayer",
  "card3title" : "Añada Luna al escenario",
  "card3Description" : "Arrastre el recurso “Luna y estrellas”  desde el panel Recursos y colóquelo en el escenario",
  "card3StepInfo" : "3 de 9",
  "card3PosAction" : "Siguiente",
  "card3NegAction" : "Anterior",
  "card3Node" : "PanelID_601$$-1/0/OS_ViewContainer,0/1/UI_SubView,6/1/UI_SubView",
  "card4title" : "Seleccione el fotograma",
  "card4Description" : "Seleccione un fotograma en la capa Luna",
  "card4StepInfo" : "4 de 9",
  "card4PosAction" : "Siguiente",
  "card4NegAction" : "Anterior",
  "card4Node" : "PanelID_266$$-1/0/OS_ViewContainer,0/1/UI_ScrollView,0/1/UI_ScrollTransformView,0/1/UI_SubView,0/1/TimelinePanelRoot,0/1/TrackControl,0/1/LayerHeader",
  "card5title" : "Cambie al panel Propiedades",
  "card5Description" : "Haga clic en la pestaña Propiedades en la parte superior derecha. \n\nEste panel muestra las propiedades del objeto seleccionado actualmente en el escenario o cronología",
  "card5StepInfo" : "5 de 9",
  "card5PosAction" : "Siguiente",
  "card5NegAction" : "Anterior",
  "card5Node" : "PanelID_601$$-1/0/OS_ViewContainer,0/1/UI_SubView,6/1/UI_SubView",
  "card6title" : "Añadir filtro",
  "card6Description" : "Haga clic en el icono “+” en la sección Filtro y seleccione Filtro brillante",
  "card6StepInfo" : "6 de 9",
  "card6PosAction" : "Siguiente",
  "card6NegAction" : "Anterior",
  "card6Node" : "PanelID_268$$-1/0/OS_ViewContainer",
  "card7title" : "Establezca parámetros de filtro",
  "card7Description" : "Establezca el desenfoque X y el desenfoque Y en 130 y el color en azul claro",
  "card7StepInfo" : "7 de 9",
  "card7PosAction" : "Siguiente",
  "card7NegAction" : "Anterior",
  "card7Node" : "PanelID_268$$-1/0/OS_ViewContainer,0/1/UI_ScrollView,0/1/UI_ScrollTransformView,0/1/UI_SubView,0/1/UI_SubView,0/1/UI_SubView,0/1/UI_TabViewContainer,1/1/UI_TabView,2/1/UI_ScrollView,0/1/UI_ScrollTransformView,0/1/UI_SubView,0/1/an::UI_ArrangeablePlacardView,0/1/piFilters,1/1/UI_SubView",
  "card8title" : "Animación de prueba",
  "card8Description" : "Pruebe la animación",
  "card8StepInfo" : "8 de 9",
  "card8PosAction" : "Siguiente",
  "card8NegAction" : "Anterior",
  "card8Node" : "PanelID_508$$-1/0/OS_ViewContainer,0/1/UI_ScrollView,0/1/UI_ScrollTransformView,0/1/UI_SubView,0/1/appHeaderCommandsPanel,0/1/UI_AppHeader_Play",
  "card9title" : "Enhorabuena",
  "card9Description" : "Enhorabuena, ha completado este tutorial. \n\nEn este tutorial ha aprendido a agregar el efecto de filtro a un fotograma",
  "card9StepInfo" : "9 de 9",
  "card9PosAction" : "Fin",
  "card9NegAction" : "Anterior"
}