{
  "name" : "Símbolo digital",
  "title" : "Símbolo digital",
  "description" : "",
  "card1title" : "Introducción",
  "card1Description" : "En este tutorial aprenderemos a crear un Signo Digital como el que se muestra arriba. \nTambién puede obtener ayuda adicional en el artículo del blog que describe el mismo proceso que este tutorial.",
  "card1StepInfo" : "1 de 10",
  "card1PosAction" : "Abrir publicación de blog y continuar",
  "card1NegAction" : "Anterior",
  "card2title" : "Comprender sus activos",
  "card2Description" : "Si selecciona alguno de los objetos del escenario, verá que es un \"objeto ilustrado\", como se muestra en el panel Propiedades en \"Objeto\". Básicamente hay tres flechas y un texto. ",
  "card2StepInfo" : "10 de 2",
  "card2PosAction" : "Siguiente",
  "card2NegAction" : "Anterior",
  "card2Node" : "%DocName$$-1/0/OS_ViewContainer,0/1/UI_ScrollView,0/1/UI_ScrollTransformView,0/1/UI_SubView,4/1/UI_SubView,0/1/UI_ControlsContainer,0/1/UI_ScrollTransformView,0/1/UI_SubView,0/1/parentSubview,0/1/UI_UnitNumberEdit,2/1/UI_SubView,0/1/UI_UnitNumberEdit_PopupList",
  "card3title" : "Crear un símbolo gráfico",
  "card3Description" : "Seleccione las tres flechas y abra el panel \"Alinear\" para alinear las flechas horizontalmente hacia el centro. Puede obtener el panel desde Menú -> Ventana -> Alinear y hacer clic en el icono \"Alinear centro horizontal\".\n\nCon todas las flechas seleccionadas, haga clic en el menú \"Modificar\" y seleccione la opción \"Convertir en símbolo\". Asigne el nombre como \"Firma\" y seleccione Ingresar como \"gráfico\".",
  "card3StepInfo" : "3 de 10",
  "card3PosAction" : "Siguiente",
  "card3NegAction" : "Anterior",
  "card3Node" : "PanelID_273$$-1/0/OS_ViewContainer,0/1/UI_ScrollView,0/1/UI_ScrollTransformView,0/1/UI_SubView,0/1/ToolPanelRoot,0/1/ToolsContainer,0/1/33508",
  "card4title" : "Añadir animación al símbolo de gráfico",
  "card4Description" : "1. Haga doble clic en las flechas del escenario para entrar en el modo de edición de símbolos.\n2. Seleccione las flechas, pulse con el botón derecho del ratón y seleccione \"Distribuir a fotogramas clave\". \n3. Agregue algunos fotogramas clave después de cada uno de los tres fotogramas clave con \"F4\" para tener fotogramas clave (con un punto) en los fotogramas 1, 20 y 40.\n5. Ahora, vuelva a la cronología principal haciendo clic en \"Escenario 1\" en la parte superior izquierda de la ventana del documento.",
  "card4StepInfo" : "4 de 10",
  "card4PosAction" : "Siguiente",
  "card4NegAction" : "Anterior",
  "card4Node" : "PanelID_273$$-1/0/OS_ViewContainer,0/1/UI_ScrollView,0/1/UI_ScrollTransformView,0/1/UI_SubView,0/1/ToolPanelRoot,0/1/ToolsContainer,0/1/33508",
  "card5title" : "Agregar instancia en el escenario",
  "card5Description" : "1. Vaya al panel de la biblioteca (Menú: Ventana -> Biblioteca). Puede ver un símbolo reutilizable llamado \"Firmar\". Arrastre y suelte este símbolo dos veces en el escenario como se muestra en el vídeo \n2. Ahora, seleccione las tres flechas y abra el panel Alinear. Haga clic en los iconos \"Alinear borde inferior\" y \"Distribuir centro horizontal\". \n3. Seleccione Firmar capa en la cronología. Haga clic en el fotograma 60 y presione \"F5\" para extender el intervalo del fotograma. \n4. Ahora seleccione Capa de texto, haga clic en el fotograma 60 y presione \"F5\" para extender el intervalo del fotograma en la capa de texto.\n5. Pruebe su animación haciendo clic en \"Probar película\" en la esquina superior derecha.",
  "card5StepInfo" : "5 de 10",
  "card5PosAction" : "Siguiente",
  "card5NegAction" : "Anterior",
  "card5Node" : "PanelID_273$$-1/0/OS_ViewContainer,0/1/UI_ScrollView,0/1/UI_ScrollTransformView,0/1/UI_SubView,0/1/ToolPanelRoot,0/1/ToolsContainer,0/1/33508",
  "card6title" : "Modificar propiedades de instancia",
  "card6Description" : "1. Seleccione la flecha central en el escenario, vaya al panel \"Propiedades\" -> Ficha \"Objeto\" -> Sección \"Bucle\" y cambie el valor \"Primero\" a \"20\". \n2. Repita esto con la tercera flecha y establezca el valor Primero en 40. \n3. Pruebe su animación haciendo clic en \"Probar película\" en la esquina superior derecha. Ahora las tres flechas tienen colores diferentes.",
  "card6StepInfo" : "6 de 10",
  "card6PosAction" : "Siguiente",
  "card6NegAction" : "Anterior",
  "card6Node" : "PanelID_266$$-1/0/OS_ViewContainer,0/1/UI_ScrollView,0/1/UI_ScrollTransformView,0/1/UI_SubView,0/1/TimelinePanelRoot,0/1/TrackControl,0/1/TimelineHeader,0/1/HeaderRightControls,0/1/ZoomControls,0/1/TimelineCellMode",
  "card7title" : "Añadir efectos de fotograma",
  "card7Description" : "1. Seleccione la capa \"Firmar\", haga clic con el botón derecho y seleccione \"Duplicar capas\". Bloquee la capa \"Firmar_copia\" y seleccione \"Firmar\" otra vez. Asegúrese de que el primer fotograma esté seleccionado.\n\n2. Vaya al panel \"Propiedades\" -> Ficha \"Fotograma\"\n i). Desplácese hasta la sección \"Efectos de color\", seleccione Alfa y asígnelo al 76%.\n ii). Desplácese hacia abajo y, en la sección Filtros, haga clic en \"+\" y seleccione \"Sombra paralela\". Cambie la fuerza al 50% y elija un bonito color \"gris\" para la sombra. \n iii). Nuevamente, haga clic en \"+\" y seleccione un filtro \"Desenfoque\" y establezca los valores de Desenfoque X y Desenfoque Y en 40.\n \n3. Finalmente, vaya a la ficha Objeto del panel Propiedades y cambie la posición X a 496.",
  "card7StepInfo" : "7 de 10",
  "card7PosAction" : "Siguiente",
  "card7NegAction" : "Anterior",
  "card7Node" : "PanelID_266$$-1/0/OS_ViewContainer,0/1/UI_ScrollView,0/1/UI_ScrollTransformView,0/1/UI_SubView,0/1/TimelinePanelRoot,0/1/TrackControl,0/1/TimelineHeader,0/1/HeaderRightControls,0/1/ZoomControls,0/1/TimelineCellMode",
  "card8title" : "Agregar efectos al texto ",
  "card8Description" : "1. Seleccione la capa \"Texto\", haga clic con el botón derecho y seleccione \"Duplicar capas\". Bloquee la capa \"Texto_copia\" y seleccione de nuevo la capa \"Texto\". Asegúrese de que el primer fotograma esté seleccionado.\n\n2. Vaya al panel \"Propiedades\" -> \"Fotograma\" (ficha\n i). En la sección \"Efectos de color\", seleccione Alfa y ajústelo al 76%.\n ii). En la sección Filtros, haga clic en \"+\" y seleccione \"Sombra paralela\". Cambie la fuerza al 50% y elija un bonito color \"gris\" para la sombra. \n iii). Nuevamente, haga clic en \"+\" y seleccione un filtro \"Desenfoque\" y establezca los valores de Desenfoque X y Desenfoque Y en 40.\n \n3. Cambie a la ficha \"Objeto\" en el panel de propiedades y cambie la posición X a 380.\n\n4. Ahora pruebe su animación haciendo clic en \"Probar película\" desde la esquina superior derecha.",
  "card8StepInfo" : "10 de 8",
  "card8PosAction" : "Siguiente",
  "card8NegAction" : "Anterior",
  "card8Node" : "PanelID_266$$-1/0/OS_ViewContainer,0/1/UI_ScrollView,0/1/UI_ScrollTransformView,0/1/UI_SubView,0/1/TimelinePanelRoot,0/1/TrackControl,0/1/TimelineHeader,0/1/HeaderRightControls,0/1/ZoomControls,0/1/TimelineCellMode",
  "card9title" : "Compartir su animación",
  "card9Description" : "Puede compartir su animación en los medios sociales pulsando el icono de acceso rápido compartido en el margen superior derecho como se muestra en el vídeo\n",
  "card9StepInfo" : "10 de 9",
  "card9PosAction" : "Siguiente",
  "card9NegAction" : "Anterior",
  "card9Node" : "%DocName$$-1/0/OS_ViewContainer,0/1/UI_ScrollView,0/1/UI_ScrollTransformView,0/1/UI_SubView,4/1/UI_SubView,0/1/UI_ControlsContainer,0/1/UI_ScrollTransformView,0/1/UI_SubView,0/1/parentSubview,0/1/UI_UnitNumberEdit,2/1/UI_SubView,0/1/UI_UnitNumberEdit_PopupList",
  "card10title" : "¡Enhorabuena! Ha finalizado este tutorial.",
  "card10Description" : "Ha aprendido mucho con este tutorial: símbolos, efectos de fotogramas, fotogramas clave, etc.",
  "card10StepInfo" : "10 de 10",
  "card10PosAction" : "Fin",
  "card10NegAction" : "Anterior"
}