{"name":"Animated Starfish","title":"Animated Starfish","description":"","card1title":"Animated Starfish","card1Description":"In this tutorial, we will create an animated Starfish","card1StepInfo":"1 of 9","card1PosAction":"Next","card1NegAction":"Previous","card2title":"Add a rig to the Starfish","card2Description":"Add an animation rig on the starfish using the 'Asset Warp' tool as shown","card2StepInfo":"2 of 9","card2PosAction":"Next","card2NegAction":"Previous","card2Node":"PanelID_273$$-1/0/OS_ViewContainer,0/1/UI_ScrollView,0/1/UI_ScrollTransformView,0/1/UI_SubView,0/1/ToolPanelRoot,0/1/ToolsContainer,0/1/33125","card3title":"Complete the rig","card3Description":"Click outside to deselect and then create a new rig for the other arm.  Repeat the process for all the arms","card3StepInfo":"3 of 9","card3PosAction":"Next","card3NegAction":"Previous","card3Node":"PanelID_273$$-1/0/OS_ViewContainer,0/1/UI_ScrollView,0/1/UI_ScrollTransformView,0/1/UI_SubView,0/1/ToolPanelRoot,0/1/ToolsContainer,0/1/33125","card4title":"Setup last frame","card4Description":"Click on the last frame of the 'starfish' layer. Now click on 'Insert Keyframe' as shown","card4StepInfo":"4 of 9","card4PosAction":"Next","card4NegAction":"Previous","card4Node":"PanelID_266$$-1/0/OS_ViewContainer,0/1/UI_ScrollView,0/1/UI_ScrollTransformView,0/1/UI_SubView,0/1/TimelinePanelRoot,0/1/TrackControl,0/1/TimelineHeader,0/1/HeaderRightControls,0/1/StatusWindow,0/1/UI_TIMELINE_STATUS_WINDOW,0/1/202864a9-e7a0-4122-b55d-dfce4000963d,0/1/PICTURE_BUTTON_INSERTKEYFRAME","card5title":"Edit Starfish pose","card5Description":"Click on frame 40 of 'starfish' layer and then click on 'Insert Keyframe' button. Now modify the Starfish pose as shown","card5StepInfo":"5 of 9","card5PosAction":"Next","card5NegAction":"Previous","card6title":"Create a tween","card6Description":"Click on any frame in the first span, then press SHIFT key and select any frame in the second span across frame 40. Now click on 'Insert classic tween' button","card6StepInfo":"6 of 9","card6PosAction":"Next","card6NegAction":"Previous","card6Node":"PanelID_266$$-1/0/OS_ViewContainer,0/1/UI_ScrollView,0/1/UI_ScrollTransformView,0/1/UI_SubView,0/1/TimelinePanelRoot,0/1/TrackControl,0/1/TimelineHeader,0/1/HeaderRightControls,0/1/StatusWindow,0/1/UI_TIMELINE_STATUS_WINDOW,0/1/59e86e63-93c6-4468-9c30-ed55d3431b8b,0/1/PICTURE_BUTTON_CREATECLASSICTWEEN","card7title":"Test your animation","card7Description":"Click on the 'Test Movie' button to test your animation. If required, repeat the previous steps to get the right pose","card7StepInfo":"7 of 9","card7PosAction":"Next","card7NegAction":"Previous","card7Node":"PanelID_508$$-1/0/OS_ViewContainer,0/1/UI_ScrollView,0/1/UI_ScrollTransformView,0/1/UI_SubView,0/1/appHeaderCommandsPanel,0/1/UI_AppHeader_Play","card8title":"Create a symbol","card8Description":"Right click on the 'starfish' layer and select 'Convert Layers to Symbol'. Now name the symbol and click on 'OK' button. We will need it in our next tutorial","card8StepInfo":"8 of 9","card8PosAction":"Next","card8NegAction":"Previous","card8Node":"PanelID_266$$-1/0/OS_ViewContainer,0/1/UI_ScrollView,0/1/UI_ScrollTransformView,0/1/UI_SubView,0/1/TimelinePanelRoot,0/1/TrackControl,0/1/TimelineHeader,0/1/HeaderLeftControls","card9title":"Share on Twitter","card9Description":"Share your animation with Friends and Family on Twitter","card9StepInfo":"9 of 9","card9PosAction":"Next tutorial","card9NegAction":"Previous"}