{
"734710B4-FFE8-49A7-8F83-CA85B7A3EC78_name":"Bouncing Ball",
"734710B4-FFE8-49A7-8F83-CA85B7A3EC78_title":"Create a bouncing ball animation",
"734710B4-FFE8-49A7-8F83-CA85B7A3EC78_description":"Learn the basics of frame-by-frame animation.",

"2033f26e-077e-4b95-8ae7-5faf3c7f2142_name":"Dancing Flames",
"2033f26e-077e-4b95-8ae7-5faf3c7f2142_title":"Create a dancing fire animation",
"2033f26e-077e-4b95-8ae7-5faf3c7f2142_description":"Learn the basics of Keyframe animation.",

"4b40f970-9a97-11ea-8041-b9720091667f_name":"Walk Animation - Frame Effects (2/2)",
"4b40f970-9a97-11ea-8041-b9720091667f_title":"Walk Animation - Frame Effects (2/2)",
"4b40f970-9a97-11ea-8041-b9720091667f_description":"Add a glowing moon to the walk animation",

"65edeaa0-9c02-11ea-b26f-edc35c4dea86_name":"Walk Animation - Assemble (1/2)",
"65edeaa0-9c02-11ea-b26f-edc35c4dea86_title":"Walk Animation - Assemble (1/2)",
"65edeaa0-9c02-11ea-b26f-edc35c4dea86_description":"Assemble a quick walk animation"
}	