{"name":"Hello Kid","title":"Hello Kid","description":"","card1title":"Let's begin!","card1Description":"Learn to add animation from scratch in just about 8 easy steps.","card1StepInfo":"","card1PosAction":"Start","card1NegAction":"","card1Node":"%DocName$$-1/0/OS_ViewContainer,0/1/UI_ScrollView,0/1/UI_ScrollTransformView,0/1/UI_SubView,4/1/UI_SubView,0/1/UI_ControlsContainer,0/1/UI_ScrollTransformView,0/1/UI_SubView,0/1/parentSubview,0/1/UI_Hidden_Coachmark_Anchor","card2title":"Bring a character","card2Description":"From the 'Assets Panel', drag & drop a character on stage. Simply go to Default > Static > All > Objects > Hello Kid","card2StepInfo":"1 of 8","card2PosAction":"Next","card2NegAction":"Previous","card2Node":"%DocName$$-1/0/OS_ViewContainer,0/1/UI_ScrollView,0/1/UI_ScrollTransformView,0/1/UI_SubView,0/1/UI_ScrollView,1/1/UI_ScrollBar","card3title":"Drop a static rig","card3Description":"‘Double click’ on the character, then drag & drop a static rig on stage. Go to Default > Static > All > Rigs > Hello- Kid_Front","card3StepInfo":"2 of 8","card3PosAction":"Next","card3NegAction":"Previous","card3Node":"%DocName$$-1/0/OS_ViewContainer,0/1/UI_ScrollView,0/1/UI_ScrollTransformView,0/1/UI_SubView,0/1/UI_ScrollView,1/1/UI_ScrollBar","card4title":"Set a pose","card4Description":"With the help of selection tool, set the initial pose by simply moving the parts of the character as depicted.","card4StepInfo":"3 of 8","card4PosAction":"Next","card4NegAction":"Previous","card4Node":"PanelID_273$$-1/0/OS_ViewContainer,0/1/UI_ScrollView,0/1/UI_ScrollTransformView,0/1/UI_SubView","card5title":"Set another pose","card5Description":"Add a keyframe at the 7th frame and set the pose as illustrated here.","card5StepInfo":"4 of 8","card5PosAction":"Next","card5NegAction":"Previous","card5Node":"%DocName$$-1/0/OS_ViewContainer,0/1/UI_ScrollView,0/1/UI_ScrollTransformView,0/1/UI_SubView,0/1/UI_ScrollView,2/1/UI_ScrollBar","card6title":"Add last pose","card6Description":"Add another frame at the 15th frame. Copy the first pose and paste it at 15 to enable a seamless looping motion.","card6StepInfo":"5 of 8","card6PosAction":"Next","card6NegAction":"Previous","card6Node":"%DocName$$-1/0/OS_ViewContainer,0/1/UI_ScrollView,0/1/UI_ScrollTransformView,0/1/UI_SubView,0/1/UI_ScrollView,2/1/UI_ScrollBar","card7title":"That's all, time to preview!","card7Description":"Enable ‘Loop’ and hit ‘Play’ to preview your animation.","card7StepInfo":"6 of 8","card7PosAction":"Next","card7NegAction":"Previous","card7Node":"%DocName$$-1/0/OS_ViewContainer,0/1/UI_ScrollView,0/1/UI_ScrollTransformView,0/1/UI_SubView,0/1/UI_ScrollView,2/1/UI_ScrollBar","card8title":"Add duration","card8Description":"Go to the main timeline by clicking on scene 1. Click on the 15th frame and insert frame to extend the duration so it can be rendered when published or exported for video.","card8StepInfo":"7 of 8","card8PosAction":"Next","card8NegAction":"Previous","card8Node":"%DocName$$-1/0/OS_ViewContainer,0/1/UI_ScrollView,0/1/UI_ScrollTransformView,0/1/UI_SubView,0/1/UI_ScrollView,2/1/UI_ScrollBar","card9title":"Like to share?","card9Description":"Sharing your work on your favourite social platforms is just a click away. Simply click on Social Share > YouTube and fill in the details and hit share. Of course, you will need to sign in.","card9StepInfo":"8 of 8","card9PosAction":"End","card9NegAction":"Previous","card9Node":"%DocName$$-1/0/OS_ViewContainer,0/1/UI_ScrollView,0/1/UI_ScrollTransformView,0/1/UI_SubView,0/1/UI_ScrollView,1/1/UI_ScrollBar"}