{
  "name" : "Llamas bailando",
  "title" : "Llamas bailando",
  "description" : "Este vídeo le presentará los componentes básicos de la animación de fotogramas clave como Símbolo e Interpolación.",
  "card1title" : "Llamas bailando",
  "card1Description" : "Hagamos un fuego chisporroteante en 17 sencillos pasos. Para empezar, añada las herramientas que necesite.",
  "card1StepInfo" : "",
  "card1PosAction" : "Empezar",
  "card1NegAction" : "",
  "card1Node" : "%DocName$$-1/0/OS_ViewContainer,0/1/UI_ScrollView,0/1/UI_ScrollTransformView,0/1/UI_SubView,4/1/UI_SubView,0/1/UI_ControlsContainer,0/1/UI_ScrollTransformView,0/1/UI_SubView,0/1/parentSubview,0/1/UI_Hidden_Coachmark_Anchor",
  "card2title" : "Añadir la herramienta PolyStar",
  "card2Description" : "Esta función le ayudará a personalizar la barra de herramientas. Haga clic aquí y arrastre la herramienta Polystar a la barra de herramientas.",
  "card2StepInfo" : "1 de 17",
  "card2PosAction" : "Siguiente",
  "card2NegAction" : "Atrás",
  "card2Node" : "PanelID_273$$-1/0/OS_ViewContainer,0/1/UI_ScrollView,0/1/UI_ScrollTransformView,0/1/UI_SubView,0/1/ToolPanelRoot,0/1/ThreeDotsButton",
  "card2Dupe_title" : "Añadir la herramienta PolyStar",
  "card2Dupe_Description" : "Esta función le ayudará a personalizar la barra de herramientas. Haga clic aquí y arrastre la herramienta Polystar a la barra de herramientas.",
  "card2Dupe_StepInfo" : "1 de 17",
  "card2Dupe_PosAction" : "Siguiente",
  "card2Dupe_NegAction" : "Atrás",
  "card2Dupe_Node" : "%DocName$$-1/0/OS_ViewContainer,0/1/UI_ScrollView,0/1/UI_ScrollTransformView,0/1/UI_SubView,4/1/UI_SubView,0/1/UI_ControlsContainer,0/1/UI_ScrollTransformView,0/1/UI_SubView,0/1/parentSubview,0/1/UI_Hidden_Coachmark_Anchor",
  "card3title" : "Panel Propiedades",
  "card3Description" : "Puede encontrar todos los ajustes relacionados con Herramienta, Objeto, Fotograma y Documento en el panel Propiedades",
  "card3StepInfo" : "",
  "card3PosAction" : "Entendido",
  "card3NegAction" : "",
  "card3Node" : "PanelID_268$$-1/0/OS_ViewContainer,0/1/UI_ScrollView,0/1/UI_ScrollTransformView,0/1/UI_SubView,0/1/UI_SubView,0/1/UI_SubView,0/1/UI_ControlView,0/1/UI_ControlView_TextButton_0",
  "card4title" : "Dibujar un triángulo",
  "card4Description" : "Cambie el número de lados a “3” y dibuje un triángulo en el centro del escenario, tal y como se muestra arriba.",
  "card4StepInfo" : "2 de 17",
  "card4PosAction" : "Siguiente",
  "card4NegAction" : "Atrás",
  "card4Node" : "PanelID_268$$-1/0/OS_ViewContainer",
  "card5title" : "Herramienta Transformación libre",
  "card5Description" : "¡Nada mal! Ahora, seleccione la herramienta Transformación libre para estirar el triángulo, tal y como se muestra arriba.",
  "card5StepInfo" : "3 de 17",
  "card5PosAction" : "Siguiente",
  "card5NegAction" : "Atrás",
  "card5Node" : "PanelID_273$$-1/0/OS_ViewContainer,0/1/UI_ScrollView,0/1/UI_ScrollTransformView,0/1/UI_SubView,0/1/ToolPanelRoot,0/1/ToolsContainer,0/1/33507",
  "card6title" : "Símbolo",
  "card6Description" : "Un símbolo es un objeto reutilizable que se puede usar para crear variantes de un único objeto. En el ejemplo, puede reutilizar el símbolo que haya creado para la llama y así crear distintas versiones de esta.",
  "card6StepInfo" : "",
  "card6PosAction" : "Entendido",
  "card6NegAction" : "",
  "card6Node" : "%DocName$$-1/0/OS_ViewContainer,0/1/UI_ScrollView,0/1/UI_ScrollTransformView,0/1/UI_SubView,4/1/UI_SubView,0/1/UI_ControlsContainer,0/1/UI_ScrollTransformView,0/1/UI_SubView,0/1/parentSubview,0/1/UI_Hidden_Coachmark_Anchor",
  "card7title" : "Convertir en símbolo",
  "card7Description" : "En la pestaña Objeto, haga clic en el icono para convertir el triángulo en un símbolo reutilizable. Llámelo “Llama”.",
  "card7StepInfo" : "4 de 17",
  "card7PosAction" : "Siguiente",
  "card7NegAction" : "Atrás",
  "card7Node" : "PanelID_268$$-1/0/OS_ViewContainer,0/1/UI_ScrollView,0/1/UI_ScrollTransformView,0/1/UI_SubView,0/1/UI_SubView,0/1/UI_SubView,0/1/UI_ControlView,0/1/UI_ControlView_TextButton_0",
  "card8title" : "Introducir el símbolo “Llama”",
  "card8Description" : "Haga doble clic para ver la línea de tiempo del símbolo “Llama”. Cada símbolo tiene su línea de tiempo y escenario propios.",
  "card8StepInfo" : "5 de 17",
  "card8PosAction" : "Siguiente",
  "card8NegAction" : "Atrás",
  "card8Node" : "PanelID_268$$-1/0/OS_ViewContainer",
  "card9title" : "Interpolar",
  "card9Description" : "Al interpolar, se generan fotogramas entre dos fotogramas clave. Se puede usar para crear movimientos simples, como la transformación o el desplazamiento de un objeto.",
  "card9StepInfo" : "",
  "card9PosAction" : "Entendido",
  "card9NegAction" : "",
  "card9Node" : "PanelID_266$$-1/0/OS_ViewContainer,0/1/UI_ScrollView,0/1/UI_ScrollTransformView,0/1/UI_SubView,0/1/TimelinePanelRoot,0/1/TrackControl,0/1/TimelineHeader,0/1/HeaderRightControls,0/1/StatusWindow,0/1/OnionSkinControls,0/1/TimelineTween",
  "card10title" : "Crear una interpolación",
  "card10Description" : "Seleccione el fotograma clave en la Línea de tiempo y haga clic en el icono Crear interpolación clásica. Seleccione Aceptar cuando se le pregunte. Desplace el punto de anclaje del triángulo a la base.",
  "card10StepInfo" : "6 de 17",
  "card10PosAction" : "Siguiente",
  "card10NegAction" : "Atrás",
  "card10Node" : "PanelID_266$$-1/0/OS_ViewContainer,0/1/UI_ScrollView,0/1/UI_ScrollTransformView,0/1/UI_SubView,0/1/TimelinePanelRoot,0/1/TrackControl,0/1/TimelineHeader,0/1/HeaderRightControls,0/1/StatusWindow,0/1/OnionSkinControls,0/1/TimelineTween",
  "card11title" : "Añadir fotogramas clave",
  "card11Description" : "Ya se puede animar la llama. Inserte fotogramas clave en los fotogramas 12 y 24.",
  "card11StepInfo" : "7 de 17",
  "card11PosAction" : "Siguiente",
  "card11NegAction" : "Atrás",
  "card11Node" : "PanelID_266$$-1/0/OS_ViewContainer,0/1/UI_ScrollView,0/1/UI_ScrollTransformView,0/1/UI_SubView,0/1/TimelinePanelRoot,0/1/TrackControl,0/1/TimelineHeader,0/1/HeaderRightControls,0/1/StatusWindow,0/1/FrameControls,0/1/KeyframeButton",
  "card12title" : "Encoger el triángulo",
  "card12Description" : "Haga clic en el Fotograma clave 12 y utilice la herramienta Transformación libre para encoger la llama. Haga clic en Reproducir para previsualizar la animación.",
  "card12StepInfo" : "8 de 17",
  "card12PosAction" : "Siguiente",
  "card12NegAction" : "Atrás",
  "card12Node" : "PanelID_268$$-1/0/OS_ViewContainer",
  "card13title" : "Salir del modo Símbolo",
  "card13Description" : "Haga clic en la flecha Atrás para salir del modo Símbolo. Cuando lo haga, volverá a la línea de tiempo o escenario principal.",
  "card13StepInfo" : "9 de 17",
  "card13PosAction" : "Siguiente",
  "card13NegAction" : "Atrás",
  "card13Node" : "%DocName$$-1/0/OS_ViewContainer,0/1/UI_ScrollView,0/1/UI_ScrollTransformView,0/1/UI_SubView,4/1/UI_SubView,0/1/UI_ControlsContainer,0/1/UI_ScrollTransformView,0/1/UI_SubView,0/1/parentSubview,0/1/BackButton",
  "card14title" : "Crear copias de un símbolo",
  "card14Description" : "Mantenga pulsada la tecla Alt (Win) u Opción (MacOS) y arrastre para crear múltiples variantes de una única llama.",
  "card14StepInfo" : "10 de 17",
  "card14PosAction" : "Siguiente",
  "card14NegAction" : "Atrás",
  "card14Node" : "PanelID_266$$-1/0/OS_ViewContainer,0/1/UI_ScrollView,0/1/UI_ScrollTransformView,0/1/UI_SubView,0/1/TimelinePanelRoot,0/1/TrackControl,0/1/TimelineHeader,0/1/HeaderRightControls,0/1/ZoomControls,0/1/TimelineCellMode",
  "card15title" : "Extender fotogramas clave",
  "card15Description" : "Seleccione el fotograma 24 y mantenga presionado el icono para extender las llamas. Esto aumentará la duración del movimiento. Reproduzca para previsualizar la animación.",
  "card15StepInfo" : "11 de 17",
  "card15PosAction" : "Siguiente",
  "card15NegAction" : "Atrás",
  "card15Node" : "PanelID_266$$-1/0/OS_ViewContainer,0/1/UI_ScrollView,0/1/UI_ScrollTransformView,0/1/UI_SubView,0/1/TimelinePanelRoot,0/1/TrackControl,0/1/TimelineHeader,0/1/HeaderRightControls,0/1/StatusWindow,0/1/FrameControls,0/1/KeyframeButton",
  "card16title" : "Personalizar símbolos",
  "card16Description" : "Para crear variantes en movimiento, haga clic en cada llama y seleccione Reproducir en bucle. Ahora, establezca el valor en un número entre el 1 y el 24.",
  "card16StepInfo" : "12 de 17",
  "card16PosAction" : "Siguiente",
  "card16NegAction" : "Atrás",
  "card16Node" : "PanelID_268$$-1/0/OS_ViewContainer",
  "card17title" : "Añadir efectos de color",
  "card17Description" : "Elija cualquier triángulo, seleccione Matiz en Efectos de color y, como se muestra arriba, cambie sus valores.",
  "card17StepInfo" : "13 de 17",
  "card17PosAction" : "Siguiente",
  "card17NegAction" : "Atrás",
  "card17Node" : "PanelID_268$$-1/0/OS_ViewContainer",
  "card18title" : "Reproducir para previsualizar",
  "card18Description" : "Cuando lo tenga todo listo, haga clic en el botón de reproducción para obtener una vista previa.",
  "card18StepInfo" : "14 de 17",
  "card18PosAction" : "Siguiente",
  "card18NegAction" : "Atrás",
  "card18Node" : "PanelID_266$$-1/0/OS_ViewContainer,0/1/UI_ScrollView,0/1/UI_ScrollTransformView,0/1/UI_SubView,0/1/TimelinePanelRoot,0/1/TrackControl,0/1/TimelineHeader,0/1/HeaderRightControls,0/1/StatusWindow,0/1/PlaybackControl,0/1/PlayButton",
  "card19title" : "Añadir una Capa",
  "card19Description" : "Bloquee la capa actual y añada una nueva capa para incluir más objetos en la animación. Las capas son útiles para que todo quede más ordenado a nivel visual.",
  "card19StepInfo" : "15 de 17",
  "card19PosAction" : "Siguiente",
  "card19NegAction" : "Atrás",
  "card19Node" : "PanelID_266$$-1/0/OS_ViewContainer,0/1/UI_ScrollView,0/1/UI_ScrollTransformView,0/1/UI_SubView,0/1/TimelinePanelRoot,0/1/TrackControl,0/1/LayerHeader,0/1/LayerHeaderLeftControls,0/1/TimelineNewLayer",
  "card20title" : "Usar Biblioteca para activos",
  "card20Description" : "Seleccione el panel Biblioteca, arrastre y suelte el símbolo 'Wood+Glow' en el escenario como se muestra.",
  "card20StepInfo" : "16 de 17",
  "card20PosAction" : "Siguiente",
  "card20NegAction" : "Atrás",
  "card20Node" : "%DocName$$-1/0/OS_ViewContainer,0/1/UI_ScrollView,0/1/UI_ScrollTransformView,0/1/UI_SubView,4/1/UI_SubView,0/1/UI_ControlsContainer,0/1/UI_ScrollTransformView,0/1/UI_SubView,0/1/parentSubview,0/1/CenterStageButton",
  "card21title" : "Reproducir para previsualizar",
  "card21Description" : "Tiene buena pinta. Haga clic aquí para obtener una vista previa.",
  "card21StepInfo" : "17 de 17",
  "card21PosAction" : "Hecho",
  "card21NegAction" : "Atrás",
  "card21Node" : "PanelID_508$$-1/0/OS_ViewContainer,0/1/UI_ScrollView,0/1/UI_ScrollTransformView,0/1/UI_SubView,0/1/appHeaderCommandsPanel,0/1/UI_AppHeader_Play",
  "card22title" : "¡Enhorabuena!",
  "card22Description" : "¡Fantástico! Guarde la animación y consulte otros tutoriales en la pestaña de aprendizaje.",
  "card22StepInfo" : "",
  "card22PosAction" : "Salir",
  "card22NegAction" : "Atrás",
  "card22Node" : "%DocName$$-1/0/OS_ViewContainer,0/1/UI_ScrollView,0/1/UI_ScrollTransformView,0/1/UI_SubView,4/1/UI_SubView,0/1/UI_ControlsContainer,0/1/UI_ScrollTransformView,0/1/UI_SubView,0/1/parentSubview,0/1/UI_Hidden_Coachmark_Anchor"
}