{
  "name" : "Estrella de mar animada",
  "title" : "Estrella de mar animada",
  "description" : "",
  "card1title" : "Estrella de mar animada",
  "card1Description" : "En este tutorial, crearemos una estrella de mar animada.",
  "card1StepInfo" : "1 de 9",
  "card1PosAction" : "Siguiente",
  "card1NegAction" : "Anterior",
  "card2title" : "Añadir un rig a la estrella de mar",
  "card2Description" : "Añada un rig de animación a la estrella de mar usando la herramienta de deformación de recursos como se le indica.",
  "card2StepInfo" : "2 de 9",
  "card2PosAction" : "Siguiente",
  "card2NegAction" : "Anterior",
  "card2Node" : "PanelID_273$$-1/0/OS_ViewContainer,0/1/UI_ScrollView,0/1/UI_ScrollTransformView,0/1/UI_SubView,0/1/ToolPanelRoot,0/1/ToolsContainer,0/1/33125",
  "card3title" : "Completar rig",
  "card3Description" : "Haga clic fuera para anular la selección y, a continuación, cree un nuevo rig para el otro brazo. Repita el proceso con todos y cada uno de los brazos.",
  "card3StepInfo" : "3 de 9",
  "card3PosAction" : "Siguiente",
  "card3NegAction" : "Anterior",
  "card3Node" : "PanelID_273$$-1/0/OS_ViewContainer,0/1/UI_ScrollView,0/1/UI_ScrollTransformView,0/1/UI_SubView,0/1/ToolPanelRoot,0/1/ToolsContainer,0/1/33125",
  "card4title" : "Configurar último fotograma",
  "card4Description" : "Haga clic en el último fotograma de la capa de la estrella de mar. A continuación, haga clic en Insertar fotograma clave como se le muestra.",
  "card4StepInfo" : "4 de 9",
  "card4PosAction" : "Siguiente",
  "card4NegAction" : "Anterior",
  "card4Node" : "PanelID_266$$-1/0/OS_ViewContainer,0/1/UI_ScrollView,0/1/UI_ScrollTransformView,0/1/UI_SubView,0/1/TimelinePanelRoot,0/1/TrackControl,0/1/TimelineHeader,0/1/HeaderRightControls,0/1/StatusWindow,0/1/UI_TIMELINE_STATUS_WINDOW,0/1/202864a9-e7a0-4122-b55d-dfce4000963d,0/1/PICTURE_BUTTON_INSERTKEYFRAME",
  "card5title" : "Editar pose de estrella de mar",
  "card5Description" : "Haga clic en el fotograma 40 de la capa de la estrella de mar y, luego, haga clic en el botón Insertar fotograma clave. A continuación, modifique la pose de la estrella de mar como se le muestra.",
  "card5StepInfo" : "5 de 9",
  "card5PosAction" : "Siguiente",
  "card5NegAction" : "Anterior",
  "card6title" : "Crear una interpolación",
  "card6Description" : "Haga clic en cualquier fotograma del primer grupo. A continuación, pulse la tecla MAYÚS y seleccione cualquier fotograma del segundo grupo hasta el fotograma 40. Después, haga clic en el botón Insertar interpolación clásica.",
  "card6StepInfo" : "6 de 9",
  "card6PosAction" : "Siguiente",
  "card6NegAction" : "Anterior",
  "card6Node" : "PanelID_266$$-1/0/OS_ViewContainer,0/1/UI_ScrollView,0/1/UI_ScrollTransformView,0/1/UI_SubView,0/1/TimelinePanelRoot,0/1/TrackControl,0/1/TimelineHeader,0/1/HeaderRightControls,0/1/StatusWindow,0/1/UI_TIMELINE_STATUS_WINDOW,0/1/59e86e63-93c6-4468-9c30-ed55d3431b8b,0/1/PICTURE_BUTTON_CREATECLASSICTWEEN",
  "card7title" : "Pruebe su animación",
  "card7Description" : "Haga clic en el botón Probar película para hacer una prueba de la animación. Si es necesario, repita los pasos anteriores para obtener la pose correcta.",
  "card7StepInfo" : "7 de 9",
  "card7PosAction" : "Siguiente",
  "card7NegAction" : "Anterior",
  "card7Node" : "PanelID_508$$-1/0/OS_ViewContainer,0/1/UI_ScrollView,0/1/UI_ScrollTransformView,0/1/UI_SubView,0/1/appHeaderCommandsPanel,0/1/UI_AppHeader_Play",
  "card8title" : "Crear un símbolo",
  "card8Description" : "Haga clic con el botón derecho en la capa de la estrella de mar y seleccione Convertir capas en símbolos. Ahora asigne un nombre al símbolo y haga clic en el botón Aceptar. Lo necesitaremos en nuestro próximo tutorial.",
  "card8StepInfo" : "8 de 9",
  "card8PosAction" : "Siguiente",
  "card8NegAction" : "Anterior",
  "card8Node" : "PanelID_266$$-1/0/OS_ViewContainer,0/1/UI_ScrollView,0/1/UI_ScrollTransformView,0/1/UI_SubView,0/1/TimelinePanelRoot,0/1/TrackControl,0/1/TimelineHeader,0/1/HeaderLeftControls",
  "card9title" : "Compartir en Twitter",
  "card9Description" : "Comparta su animación con sus amigos y familiares en Twitter.",
  "card9StepInfo" : "9 de 9",
  "card9PosAction" : "Siguiente tutorial",
  "card9NegAction" : "Anterior"
}