{"name":"Bounce Animation","title":"Bounce Animation","description":"","card1title":"Bounce Animation","card1Description":"We will create this bounce animation in this tutorial.   Bounce away your worries!!","card1StepInfo":"1 of 7","card1PosAction":"Next","card1NegAction":"Previous","card2title":"Setup the rig","card2Description":"Use the Asset warp tool to set up the rig as shown in the video.","card2StepInfo":"2 of 7","card2PosAction":"Next","card2NegAction":"Previous","card2Node":"PanelID_273$$-1/0/OS_ViewContainer,0/1/UI_ScrollView,0/1/UI_ScrollTransformView,0/1/UI_SubView,0/1/ToolPanelRoot,0/1/ToolsContainer,0/1/33125","card3title":"Setup the last frame","card3Description":"Select the last frame (frame 50).  Now click on the 'Insert Keyframe'.","card3StepInfo":"3 of 7","card3PosAction":"Next","card3NegAction":"Previous","card3Node":"PanelID_266$$-1/0/OS_ViewContainer,0/1/UI_ScrollView,0/1/UI_ScrollTransformView,0/1/UI_SubView,0/1/TimelinePanelRoot,0/1/TrackControl,0/1/TimelineHeader,0/1/HeaderRightControls,0/1/StatusWindow,0/1/UI_TIMELINE_STATUS_WINDOW,0/1/943dbb70-a281-42fb-a738-43c3b5345669,0/1/PICTURE_BUTTON_INSERTKEYFRAME","card4title":"Create intermediate pose","card4Description":"Insert keyframe on 25th frame. Use the asset warp tool and modify the pose as shown in the video.","card4StepInfo":"4 of 7","card4PosAction":"Next","card4NegAction":"Previous","card4Node":"PanelID_273$$-1/0/OS_ViewContainer,0/1/UI_ScrollView,0/1/UI_ScrollTransformView,0/1/UI_SubView,0/1/ToolPanelRoot,0/1/ToolsContainer,0/1/33125","card5title":"Create a tween","card5Description":"Select any frame on the first span.  Now shift+select any frame on the second span.  Click on 'Create Classic Tween' to create a seamless animation.","card5StepInfo":"5 of 7","card5PosAction":"Next","card5NegAction":"Previous","card5Node":"PanelID_266$$-1/0/OS_ViewContainer,0/1/UI_ScrollView,0/1/UI_ScrollTransformView,0/1/UI_SubView,0/1/TimelinePanelRoot,0/1/TrackControl,0/1/TimelineHeader,0/1/HeaderRightControls,0/1/StatusWindow,0/1/UI_TIMELINE_STATUS_WINDOW,0/1/82eb6fc6-d76b-4794-9104-527cb907a222,0/1/PICTURE_BUTTON_CREATECLASSICTWEEN","card6title":"Test your animation","card6Description":"Click on 'Test Movie' to see your animation in action.  Modify the pose as needed.  Your animation is now ready.","card6StepInfo":"6 of 7","card6PosAction":"Next","card6NegAction":"Previous","card6Node":"PanelID_508$$-1/0/OS_ViewContainer,0/1/UI_ScrollView,0/1/UI_ScrollTransformView,0/1/UI_SubView,0/1/appHeaderCommandsPanel,0/1/UI_AppHeader_Play","card7title":"Share on twitter","card7Description":"Share your animation with your friends on twitter.  Use the quick share feature within Animate.","card7StepInfo":"7 of 7","card7PosAction":"End","card7NegAction":"Previous","card7Node":"PanelID_508$$-1/0/OS_ViewContainer,0/1/UI_ScrollView,0/1/UI_ScrollTransformView,0/1/UI_SubView,0/1/appHeaderCommandsPanel,0/1/UI_QuickExport_Button"}