{"name":"Animate a Windmill","title":"Animate a Windmill","description":"","card1title":"Introduction","card1Description":"In this tutorial we will be animating a windmill as shown above. ","card1StepInfo":"1 of 10","card1PosAction":"Start","card1NegAction":"Previous","card2title":"Lock the Building layer","card2Description":"All the assets that need to be animated should be placed on separate layers.  In this case, we will be animating the propellers.  Let's lock the building layer as show in the above video so that we don't modify it accidentally.","card2StepInfo":"2 of 10","card2PosAction":"Next","card2NegAction":"Previous","card2Node":"PanelID_266$$-1/0/OS_ViewContainer,0/1/UI_ScrollView,0/1/UI_ScrollTransformView,0/1/UI_SubView,0/1/TimelinePanelRoot,0/1/TrackControl,0/1/TimelineHeader,0/1/HeaderLeftControls,0/1/TimelineDisplayModeButton","card3title":"Create a Graphic symbol ","card3Description":"In order to animate, we need to place our animatable assets inside what is called a Symbol. Right now let's create a Graphic symbol with our propellers.  \nSelect the propellers on the stage and goto 'Properties' panel -> 'Object' tab and click on 'Convert to Symbol' icon. Name the symbol as 'Propeller' and 'Type' as 'Graphic' and press OK.","card3StepInfo":"3 of 10","card3PosAction":"Next","card3NegAction":"Previous","card3Node":"%DocName$$-1/0/OS_ViewContainer,0/1/UI_ScrollView,0/1/UI_ScrollTransformView,0/1/UI_SubView,4/1/UI_SubView,0/1/UI_ControlsContainer,0/1/UI_ScrollTransformView,0/1/UI_SubView,0/1/parentSubview,0/1/StageClipperButton","card4title":"Extend the Timeline","card4Description":"Let's extend the timeline for both the layers by clicking on frame 240 of 'Propeller' layer then hold down Shift key and click on frame 240 of 'Building' layer. Click on Insert 'Keyframe' button","card4StepInfo":"4 of 10","card4PosAction":"Next","card4NegAction":"Previous","card4Node":"PanelID_266$$-1/0/OS_ViewContainer,0/1/UI_ScrollView,0/1/UI_ScrollTransformView,0/1/UI_SubView,0/1/TimelinePanelRoot,0/1/TrackControl,0/1/TimelineHeader,0/1/HeaderRightControls,0/1/StatusWindow,0/1/FrameControls,0/1/KeyframeButton","card5title":"Rotate the Propeller","card5Description":"Make sure you are on frame 240 and select the propeller symbol on stage. Open 'Transform' panel from Window -> Transform menu and set Rotate value as 360.","card5StepInfo":"5 of 10","card5PosAction":"Next","card5NegAction":"Previous","card5Node":"PanelID_266$$-1/0/OS_ViewContainer,0/1/UI_ScrollView,0/1/UI_ScrollTransformView,0/1/UI_SubView,0/1/TimelinePanelRoot,0/1/TrackControl,0/1/TimelineHeader,0/1/HeaderRightControls,0/1/ZoomControls,0/1/TimelineCellMode","card6title":"Create a Classic Tween","card6Description":"Click any frame of Propeller layer (except last frame) and click  'Create Classic Tween' icon in the Timeline panel.\nGoto Properties panel -> Frame tab -> Tweening section and choose Rotate value as 'Clockwise' from the dropdown","card6StepInfo":"6 of 10","card6PosAction":"Next","card6NegAction":"Previous","card6Node":"PanelID_266$$-1/0/OS_ViewContainer,0/1/UI_ScrollView,0/1/UI_ScrollTransformView,0/1/UI_SubView,0/1/TimelinePanelRoot,0/1/TrackControl,0/1/TimelineHeader,0/1/HeaderRightControls,0/1/StatusWindow,0/1/OnionSkinControls,0/1/TimelineTween","card7title":"Test your Animation","card7Description":"Test Your Animation by clicking on the 'Test Movie' button.","card7StepInfo":"7 of 10","card7PosAction":"Next","card7NegAction":"Previous","card7Node":"PanelID_508$$-1/0/OS_ViewContainer,0/1/UI_ScrollView,0/1/UI_ScrollTransformView,0/1/UI_SubView,0/1/appHeaderCommandsPanel,0/1/UI_AppHeader_Play","card8title":"Personalize your background color","card8Description":"Give your animation a personal twist by changing the background color.  To achieve this, goto to Properties panel -> Doc tab -> Document Settings section then click on the Stage color button and select the desired color.","card8StepInfo":"8 of 10","card8PosAction":"Next","card8NegAction":"Previous","card8Node":"PanelID_268$$-1/0/OS_ViewContainer,0/1/UI_ScrollView,0/1/UI_ScrollTransformView,0/1/UI_SubView,0/1/UI_SubView,0/1/UI_SubView,0/1/UI_TabViewContainer,1/1/UI_TabView,2/1/UI_ScrollView,0/1/UI_ScrollTransformView,0/1/UI_SubView","card9title":"Share on Social Media","card9Description":"Share your animation with your friends on social media as shown in the above video.","card9StepInfo":"9 of 10","card9PosAction":"Next","card9NegAction":"Previous","card9Node":"%DocName$$-1/0/OS_ViewContainer,0/1/UI_ScrollView,0/1/UI_ScrollTransformView,0/1/UI_SubView,4/1/UI_SubView,0/1/UI_ControlsContainer,0/1/UI_ScrollTransformView,0/1/UI_SubView,0/1/parentSubview,0/1/UI_UnitNumberEdit,2/1/UI_SubView,0/1/UI_UnitNumberEdit_PopupList","card10title":"Congratulations!","card10Description":"Congratulations on completing this tutorial.   You've learnt a lot in the tutorial including keyframes, frame-span, transformations, tweening and sharing.  Keep going!","card10StepInfo":"10 of 10","card10PosAction":"End","card10NegAction":"Previous"}