{"name":"Animated Seahorse","title":"Animated Seahorse","description":"","card1title":"Animated Seahorse!","card1Description":"In this tutorial, we will animate a Seahorse using Modern Rigging!","card1StepInfo":"","card1PosAction":"Next","card1NegAction":"Previous","card2title":"Select the Seahorse","card2Description":"Use the Selection tool to select the Seahorse","card2StepInfo":"1 of 9","card2PosAction":"Next","card2NegAction":"Previous","card2Node":"PanelID_273$$-1/0/OS_ViewContainer,0/1/UI_ScrollView,0/1/UI_ScrollTransformView,0/1/UI_SubView,0/1/ToolPanelRoot,0/1/ToolsContainer,0/1/33508","card3title":"Start creating the rig","card3Description":"Use the Asset Warp Tool(W) to create a rig as shown","card3StepInfo":"2 of 9","card3PosAction":"Next","card3NegAction":"Previous","card3Node":"PanelID_273$$-1/0/OS_ViewContainer,0/1/UI_ScrollView,0/1/UI_ScrollTransformView,0/1/UI_SubView,0/1/ToolPanelRoot,0/1/ToolsContainer,0/1/33125","card4title":"Rig the Fin","card4Description":"Click outside the image to deselect then click on the root node and create a rig for the fin","card4StepInfo":"3 of 9","card4PosAction":"Next","card4NegAction":"Previous","card4Node":"PanelID_273$$-1/0/OS_ViewContainer,0/1/UI_ScrollView,0/1/UI_ScrollTransformView,0/1/UI_SubView,0/1/ToolPanelRoot,0/1/ToolsContainer,0/1/33127","card5title":"Finish the rig setup","card5Description":"Click outside to deselect, click on the root bone and then rig the tail as shown","card5StepInfo":"4 of 9","card5PosAction":"Next","card5NegAction":"Previous","card5Node":"PanelID_273$$-1/0/OS_ViewContainer,0/1/UI_ScrollView,0/1/UI_ScrollTransformView,0/1/UI_SubView,0/1/ToolPanelRoot,0/1/ToolsContainer,0/1/33127","card6title":"Setup the last frame","card6Description":"Click on Frame 80 of 'seahorse' layer and then click on 'Insert Keyframe' button","card6StepInfo":"5 of 9","card6PosAction":"Next","card6NegAction":"Previous","card6Node":"PanelID_266$$-1/0/OS_ViewContainer,0/1/UI_ScrollView,0/1/UI_ScrollTransformView,0/1/UI_SubView,0/1/TimelinePanelRoot,0/1/TrackControl,0/1/TimelineHeader,0/1/HeaderRightControls,0/1/StatusWindow,0/1/UI_TIMELINE_STATUS_WINDOW,0/1/654dcb50-b883-4bbc-8c04-84dd0c5bf7b0,0/1/PICTURE_BUTTON_INSERTKEYFRAME","card7title":"Setup intermediate pose","card7Description":"Click on Frame 40 and then click on 'Insert Keyframe' button. Now modify the image slightly as shown","card7StepInfo":"6 of 9","card7PosAction":"Next","card7NegAction":"Previous","card7Node":"PanelID_273$$-1/0/OS_ViewContainer,0/1/UI_ScrollView,0/1/UI_ScrollTransformView,0/1/UI_SubView,0/1/ToolPanelRoot,0/1/ToolsContainer,0/1/33125","card8title":"Setup the Tween","card8Description":"Click on any frame in the first span. Then press SHIFT key and select any frame in the second span across Frame 40.  Now click on create classic tween as shown","card8StepInfo":"7 of 9","card8PosAction":"Next","card8NegAction":"Previous","card8Node":"PanelID_266$$-1/0/OS_ViewContainer,0/1/UI_ScrollView,0/1/UI_ScrollTransformView,0/1/UI_SubView,0/1/TimelinePanelRoot,0/1/TrackControl,0/1/TimelineHeader,0/1/HeaderRightControls,0/1/StatusWindow,0/1/UI_TIMELINE_STATUS_WINDOW,0/1/5537ec7e-2f69-4d3c-8da8-edf2ce9a4ec5,0/1/PICTURE_BUTTON_CREATECLASSICTWEEN","card9title":"Test your animation","card9Description":"Click on the 'Test Movie' button on the top right and see your animation","card9StepInfo":"8 of 9","card9PosAction":"Next","card9NegAction":"Previous","card9Node":"PanelID_508$$-1/0/OS_ViewContainer,0/1/UI_ScrollView,0/1/UI_ScrollTransformView,0/1/UI_SubView,0/1/appHeaderCommandsPanel,0/1/UI_AppHeader_Play","card10title":"Share on Twitter","card10Description":"Share on Twitter using the quick publish button","card10StepInfo":"9 of 9","card10PosAction":"Next Tutorial","card10NegAction":"Previous","card10Node":"%DocName$$-1/0/OS_ViewContainer,0/1/UI_ScrollView,0/1/UI_ScrollTransformView,0/1/UI_SubView,4/1/UI_SubView,0/1/UI_ControlsContainer,0/1/UI_ScrollTransformView,0/1/UI_SubView,0/1/parentSubview,0/1/CenterStageButton"}